"Marker.name","UNEAK","chromosome","SNP_position"
"DeerD01.000110","TP191","CM008041.1",5920981
"DeerD01.000122","TP212","CM008041.1",61372021
"DeerD01.000151","TP271","CM008041.1",122885715
"DeerD01.000174","TP332","CM008041.1",158566553
"DeerD01.000263","TP481","CM008041.1",167305166
"DeerD01.000328","TP598","CM008041.1",3455019
"DeerD01.000339","TP619","CM008041.1",27713598
"DeerD01.000369","TP669","CM008041.1",134162956
"DeerD01.000373","TP673","CM008041.1",135315624
"DeerD01.000381","TP682","CM008041.1",68225333
"DeerD01.000422","TP750","CM008041.1",131664318
"DeerD01.000431","TP771","CM008041.1",65205846
"DeerD01.000484","TP867","CM008041.1",54681565
"DeerD01.000519","TP927","CM008041.1",5812207
"DeerD01.000524","TP934","CM008041.1",19433027
"DeerD01.000529","TP945","CM008041.1",77851277
"DeerD01.000553","TP988","CM008041.1",176665202
"DeerD01.000685","TP1252","CM008041.1",23411093
"DeerD01.000724","TP1327","CM008042.1",4002570
"DeerD01.000743","TP1364","CM008041.1",102535965
"DeerD01.000767","TP1405","CM008041.1",114357816
"DeerD01.000780","TP1436","CM008041.1",168226797
"DeerD01.000839","TP1531","CM008041.1",19008046
"DeerD01.000909","TP1670","CM008041.1",37361734
"DeerD01.000952","TP1762","CM008041.1",94349997
"DeerD01.000982","TP1808","CM008041.1",49013877
"DeerD01.000992","TP1824","CM008041.1",21779626
"DeerD01.001068","TP1970","CM008041.1",142030657
"DeerD01.001139","TP2105","CM008041.1",176665139
"DeerD01.001202","TP2206","CM008041.1",9585190
"DeerD01.001279","TP2343","CM008041.1",125403134
"DeerD01.001293","TP2370","CM008041.1",71062509
"DeerD01.001314","TP2412","CM008041.1",68330459
"DeerD01.001342","TP2466","CM008041.1",152508999
"DeerD01.001348","TP2481","CM008041.1",109433991
"DeerD01.001386","TP2561","CM008041.1",146534931
"DeerD01.001425","TP2626","CM008041.1",31040993
"DeerD01.001430","TP2634","CM008041.1",55979610
"DeerD01.001516","TP2774","CM008041.1",24221443
"DeerD01.001552","TP2842","CM008041.1",157302431
"DeerD01.001569","TP2870","CM008041.1",148079443
"DeerD01.001600","TP2924","CM008041.1",37504697
"DeerD01.001629","TP2984","CM008041.1",41555561
"DeerD01.001676","TP3071","CM008041.1",42814594
"DeerD01.001806","TP3329","CM008041.1",130104116
"DeerD01.001875","TP3455","CM008041.1",161002379
"DeerD01.001880","TP3471","CM008041.1",144929974
"DeerD01.001916","TP3537","CM008041.1",169376133
"DeerD01.002105","TP3876","CM008041.1",50388509
"DeerD01.002134","TP3926","CM008041.1",123095092
"DeerD01.002155","TP3965","CM008041.1",113051882
"DeerD01.002161","TP3983","CM008041.1",162787513
"DeerD01.002188","TP4023","CM008041.1",39136502
"DeerD01.002246","TP4130","CM008041.1",18205304
"DeerD01.002270","TP4181","CM008041.1",17329119
"DeerD01.002301","TP4240","CM008041.1",145594305
"DeerD01.002335","TP4300","CM008041.1",176239261
"DeerD01.002379","TP4394","CM008041.1",40826411
"DeerD01.002391","TP4416","CM008041.1",68663605
"DeerD01.002406","TP4449","CM008041.1",67314070
"DeerD01.002446","TP4524","CM008041.1",131402561
"DeerD01.002748","TP5129","CM008041.1",41366464
"DeerD01.002767","TP5173","CM008041.1",178682305
"DeerD01.002848","TP5319","CM008041.1",134469270
"DeerD01.002852","TP5326","CM008041.1",47038004
"DeerD01.002958","TP5533","CM008041.1",48440892
"DeerD01.003029","TP5664","CM008041.1",153299380
"DeerD01.003086","TP5755","CM008041.1",157632216
"DeerD01.003088","TP5757","CM008041.1",103890521
"DeerD01.003101","TP5774","CM008041.1",121967784
"DeerD01.003145","TP5848","CM008041.1",43806128
"DeerD01.003304","TP6160","CM008041.1",119040810
"DeerD01.003319","TP6184","CM008041.1",178621986
"DeerD01.003324","TP6191","CM008041.1",176092048
"DeerD01.003364","TP6250","CM008042.1",594212
"DeerD01.003384","TP6289","CM008041.1",120895743
"DeerD01.003454","TP6425","CM008041.1",90305856
"DeerD01.003459","TP6436","CM008041.1",163707697
"DeerD01.003496","TP6515","CM008041.1",4199722
"DeerD01.003527","TP6588","CM008041.1",34282424
"DeerD01.003538","TP6606","CM008041.1",81534240
"DeerD01.003566","TP6668","CM008041.1",43820915
"DeerD01.003645","TP6811","CM008041.1",44481069
"DeerD01.003653","TP6823","CM008041.1",1645759
"DeerD01.003662","TP6842","CM008041.1",47602807
"DeerD01.003748","TP6982","CM008041.1",178431428
"DeerD01.003753","TP6990","CM008041.1",136362619
"DeerD01.003812","TP7095","CM008041.1",159949942
"DeerD01.003821","TP7117","CM008041.1",29725477
"DeerD01.003896","TP7267","CM008041.1",168401569
"DeerD01.003911","TP7300","CM008041.1",103115412
"DeerD01.003918","TP7309","CM008041.1",176301671
"DeerD01.003921","TP7317","CM008041.1",175837149
"DeerD01.003927","TP7324","CM008041.1",156309411
"DeerD01.003952","TP7376","CM008041.1",103115475
"DeerD01.003969","TP7407","CM008041.1",31429094
"DeerD01.003984","TP7440","CM008041.1",35762514
"DeerD01.004022","TP7520","CM008041.1",41367588
"DeerD01.004135","TP7718","CM008041.1",141940019
"DeerD01.004150","TP7753","CM008041.1",139875387
"DeerD01.004195","TP7823","CM008041.1",56901286
"DeerD01.004226","TP7882","CM008041.1",163707717
"DeerD01.004232","TP7895","CM008041.1",76859206
"DeerD01.004292","TP8002","CM008041.1",160184611
"DeerD01.004294","TP8010","CM008041.1",89944112
"DeerD01.004320","TP8060","CM008041.1",131077910
"DeerD01.004369","TP8143","CM008041.1",6626241
"DeerD01.004481","TP8347","CM008041.1",20804766
"DeerD01.004643","TP8648","CM008041.1",151734875
"DeerD01.004695","TP8734","CM008041.1",4380612
"DeerD01.004706","TP8751","CM008041.1",60385762
"DeerD01.004770","TP8852","CM008041.1",114094358
"DeerD01.004823","TP8946","CM008041.1",49523527
"DeerD01.004881","TP9059","CM008041.1",9244629
"DeerD01.004901","TP9099","CM008041.1",161060365
"DeerD01.004944","TP9181","CM008041.1",109356464
"DeerD01.004989","TP9277","CM008041.1",111339867
"DeerD01.005029","TP9361","CM008041.1",63251502
"DeerD01.005052","TP9414","CM008041.1",76960091
"DeerD01.005480","TP10170","CM008041.1",6334359
"DeerD01.005503","TP10210","CM008041.1",162086782
"DeerD01.005648","TP10476","CM008041.1",161265424
"DeerD01.005649","TP10478","CM008041.1",48050035
"DeerD01.005696","TP10565","CM008041.1",52908156
"DeerD01.005697","TP10566","CM008041.1",170134525
"DeerD01.005813","TP10804","CM008041.1",48426351
"DeerD01.005888","TP10940","CM008041.1",153299451
"DeerD01.005911","TP10978","CM008041.1",176554977
"DeerD01.005920","TP10996","CM008041.1",158566616
"DeerD01.005928","TP11006","CM008041.1",10111238
"DeerD01.005996","TP11128","CM008041.1",102104086
"DeerD01.006167","TP11435","CM008041.1",22975376
"DeerD01.006201","TP11498","CM008041.1",26704905
"DeerD01.006238","TP11566","CM008041.1",44907561
"DeerD01.006326","TP11722","CM008041.1",109433928
"DeerD01.006381","TP11823","CM008041.1",2950561
"DeerD01.006404","TP11873","CM008041.1",165836313
"DeerD01.006419","TP11898","CM008041.1",35540801
"DeerD01.006444","TP11934","CM008041.1",109870224
"DeerD01.006490","TP12023","CM008041.1",63306176
"DeerD01.006494","TP12029","CM008041.1",41896426
"DeerD01.006552","TP12130","CM008041.1",93953325
"DeerD01.006585","TP12187","CM008041.1",47669077
"DeerD01.006765","TP12523","CM008041.1",175116434
"DeerD01.006978","TP12938","CM008041.1",181295137
"DeerD01.007065","TP13089","CM008041.1",48109431
"DeerD01.007075","TP13111","CM008041.1",29592555
"DeerD01.007373","TP13667","CM008041.1",68079630
"DeerD01.007633","TP14161","CM008041.1",95125665
"DeerD01.007650","TP14196","CM008041.1",153126651
"DeerD01.007766","TP14409","CM008041.1",162539136
"DeerD01.007776","TP14431","CM008041.1",131700400
"DeerD01.007906","TP14674","CM008041.1",175334190
"DeerD01.007967","TP14795","CM008041.1",176975482
"DeerD01.007996","TP14841","CM008041.1",51752406
"DeerD01.008035","TP14922","CM008041.1",101279521
"DeerD01.008145","TP15133","CM008041.1",126561119
"DeerD01.008237","TP15300","CM008041.1",143396605
"DeerD01.008343","TP15507","CM008041.1",6814345
"DeerD01.008346","TP15512","CM008041.1",144038130
"DeerD01.008398","TP15604","CM008041.1",130563556
"DeerD01.008407","TP15614","CM008041.1",27655002
"DeerD01.008413","TP15633","CM008041.1",106723437
"DeerD01.008481","TP15747","CM008041.1",5476136
"DeerD01.008569","TP15891","CM008041.1",159954715
"DeerD01.008720","TP16154","CM008041.1",100088314
"DeerD01.008736","TP16181","CM008041.1",116081945
"DeerD01.008749","TP16210","CM008041.1",48729276
"DeerD01.008766","TP16241","CM008041.1",83397611
"DeerD01.008797","TP16296","CM008041.1",175513123
"DeerD01.008975","TP16641","CM008041.1",76061380
"DeerD01.009035","TP16754","CM008041.1",168954404
"DeerD01.009118","TP16908","CM008041.1",159611033
"DeerD01.009219","TP17073","CM008041.1",118632696
"DeerD01.009260","TP17142","CM008041.1",180245909
"DeerD01.009291","TP17192","CM008042.1",2016951
"DeerD01.009318","TP17266","CM008041.1",32792951
"DeerD01.009441","TP17487","CM008041.1",133784769
"DeerD01.009473","TP17541","CM008041.1",124913889
"DeerD01.009538","TP17661","CM008041.1",165861238
"DeerD01.009568","TP17712","CM008041.1",86611443
"DeerD01.009599","TP17777","CM008041.1",89033448
"DeerD01.009628","TP17832","CM008041.1",18470839
"DeerD01.009700","TP17964","CM008041.1",67243968
"DeerD01.010099","TP18726","CM008041.1",176810069
"DeerD01.010202","TP18904","CM008041.1",104235395
"DeerD01.010233","TP18966","CM008041.1",131801957
"DeerD01.010250","TP18996","CM008041.1",176666171
"DeerD01.010336","TP19152","CM008041.1",155690036
"DeerD01.010430","TP19317","CM008041.1",130538422
"DeerD01.010561","TP19547","CM008041.1",104424843
"DeerD01.010669","TP19765","CM008041.1",165326693
"DeerD01.010938","TP20270","CM008041.1",179542543
"DeerD01.010993","TP20377","CM008041.1",63075898
"DeerD01.011163","TP20718","CM008041.1",144521397
"DeerD01.011240","TP20861","CM008041.1",132821232
"DeerD01.011263","TP20894","CM008041.1",169754559
"DeerD01.011346","TP21095","CM008041.1",153072360
"DeerD01.011387","TP21187","CM008041.1",18798323
"DeerD01.011418","TP21244","CM008041.1",170035013
"DeerD01.011492","TP21403","CM008041.1",109598395
"DeerD01.011540","TP21497","CM008041.1",171582351
"DeerD01.011626","TP21671","CM008041.1",5454899
"DeerD01.011632","TP21680","CM008042.1",3445543
"DeerD01.011680","TP21779","CM008041.1",86881303
"DeerD01.011752","TP21923","CM008041.1",41447381
"DeerD01.011892","TP22178","CM008041.1",119267296
"DeerD01.011920","TP22235","CM008041.1",70851172
"DeerD01.012150","TP22696","CM008041.1",35821325
"DeerD01.012180","TP22749","CM008041.1",129239833
"DeerD01.012199","TP22781","CM008041.1",38511734
"DeerD01.012297","TP22960","CM008041.1",104177184
"DeerD01.012319","TP22994","CM008041.1",153126765
"DeerD01.012400","TP23162","CM008041.1",132586010
"DeerD01.012406","TP23175","CM008041.1",121095241
"DeerD01.012489","TP23333","CM008041.1",77081892
"DeerD01.012491","TP23335","CM008041.1",51738297
"DeerD01.012605","TP23565","CM008041.1",104177121
"DeerD01.012644","TP23634","CM008041.1",95520960
"DeerD01.012761","TP23863","CM008041.1",38764189
"DeerD01.012769","TP23880","CM008041.1",119933454
"DeerD01.012821","TP23979","CM008041.1",73720665
"DeerD01.012828","TP23992","CM008041.1",154718675
"DeerD01.012892","TP24099","CM008041.1",77245746
"DeerD01.012907","TP24123","CM008041.1",21779549
"DeerD01.012957","TP24216","CM008041.1",144089823
"DeerD01.013015","TP24344","CM008041.1",114402536
"DeerD01.013178","TP24654","CM008041.1",4405394
"DeerD01.013384","TP25061","CM008041.1",181295043
"DeerD01.013387","TP25065","CM008041.1",174687745
"DeerD01.013406","TP25098","CM008041.1",68663819
"DeerD01.013585","TP25442","CM008041.1",168915389
"DeerD01.013622","TP25523","CM008041.1",161997382
"DeerD01.014129","TP26463","CM008041.1",169632325
"DeerD01.014225","TP26650","CM008041.1",34384740
"DeerD01.014303","TP26800","CM008041.1",39405676
"DeerD01.014540","TP27270","CM008041.1",112037343
"DeerD01.014555","TP27299","CM008041.1",89460789
"DeerD01.014710","TP27573","CM008041.1",107176860
"DeerD01.014750","TP27641","CM008041.1",59084370
"DeerD01.014844","TP27839","CM008041.1",149744611
"DeerD01.014899","TP27982","CM008041.1",5721015
"DeerD01.014957","TP28104","CM008041.1",148298540
"DeerD01.015011","TP28229","CM008041.1",125239924
"DeerD01.015118","TP28440","CM008042.1",250656
"DeerD01.015153","TP28518","CM008041.1",144191152
"DeerD01.015260","TP28737","CM008041.1",132579746
"DeerD01.015326","TP28865","CM008041.1",163669556
"DeerD01.015341","TP28890","CM008041.1",26354366
"DeerD01.015370","TP28944","CM008041.1",48111625
"DeerD01.015375","TP28958","CM008041.1",125933262
"DeerD01.015648","TP29493","CM008041.1",160233496
"DeerD01.015670","TP29540","CM008041.1",19607525
"DeerD01.015715","TP29621","CM008041.1",159913360
"DeerD01.015801","TP29780","CM008041.1",162853815
"DeerD01.015873","TP29909","CM008041.1",61552134
"DeerD01.015880","TP29921","CM008041.1",122635915
"DeerD01.015894","TP29947","CM008041.1",131786787
"DeerD01.016002","TP30170","CM008041.1",140662428
"DeerD01.016095","TP30327","CM008041.1",1893923
"DeerD01.016108","TP30354","CM008041.1",131641016
"DeerD01.016213","TP30567","CM008041.1",110303284
"DeerD01.016309","TP30743","CM008041.1",54247145
"DeerD01.016349","TP30814","CM008041.1",156773567
"DeerD01.016421","TP30959","CM008041.1",61630846
"DeerD01.016612","TP31328","CM008041.1",36823524
"DeerD01.016652","TP31399","CM008041.1",2000637
"DeerD01.016702","TP31491","CM008041.1",110916627
"DeerD01.016706","TP31498","CM008041.1",173948378
"DeerD01.016863","TP31790","CM008041.1",167927143
"DeerD01.016870","TP31801","CM008041.1",61329919
"DeerD01.016947","TP31958","CM008041.1",165956743
"DeerD01.016961","TP31983","CM008041.1",48323245
"DeerD01.017048","TP32146","CM008041.1",112522854
"DeerD01.017101","TP32270","CM008041.1",48741206
"DeerD01.017142","TP32344","CM008041.1",176228772
"DeerD01.017219","TP32496","CM008041.1",167882949
"DeerD01.017303","TP32650","CM008041.1",63780125
"DeerD01.017370","TP32792","CM008041.1",86881366
"DeerD01.017423","TP32884","CM008041.1",116082008
"DeerD01.017469","TP32977","CM008041.1",148288692
"DeerD01.017485","TP33018","CM008041.1",60436236
"DeerD01.017496","TP33035","CM008041.1",175032999
"DeerD01.017527","TP33097","CM008041.1",166226430
"DeerD01.017565","TP33156","CM008041.1",148108407
"DeerD01.017613","TP33241","CM008041.1",108280326
"DeerD01.017641","TP33299","CM008041.1",177949671
"DeerD01.017745","TP33477","CM008041.1",179639064
"DeerD01.017809","TP33597","CM008041.1",46878606
"DeerD01.017825","TP33628","CM008041.1",45625524
"DeerD01.017914","TP33775","CM008041.1",76960055
"DeerD01.017951","TP33841","CM008041.1",87115741
"DeerD01.017956","TP33852","CM008041.1",144570684
"DeerD01.018025","TP33989","CM008041.1",177574782
"DeerD01.018136","TP34178","CM008041.1",178623969
"DeerD01.018253","TP34403","CM008041.1",75010516
"DeerD01.018288","TP34460","CM008041.1",69299568
"DeerD01.018473","TP34836","CM008041.1",19433031
"DeerD01.018548","TP35006","CM008041.1",64569655
"DeerD01.018565","TP35034","CM008041.1",43820936
"DeerD01.018571","TP35051","CM008041.1",161997410
"DeerD01.018660","TP35221","CM008041.1",124686104
"DeerD01.018726","TP35331","CM008041.1",177398579
"DeerD01.018830","TP35487","CM008041.1",169839849
"DeerD01.018865","TP35540","CM008041.1",168216629
"DeerD01.019037","TP35891","CM008041.1",159913358
"DeerD01.019088","TP35993","CM008041.1",78137806
"DeerD01.019143","TP36091","CM008041.1",175118191
"DeerD01.019155","TP36111","CM008041.1",102102900
"DeerD01.019188","TP36170","CM008041.1",141148095
"DeerD01.019225","TP36233","CM008041.1",49020944
"DeerD01.019234","TP36249","CM008041.1",111877369
"DeerD01.019258","TP36295","CM008041.1",105216610
"DeerD01.019262","TP36305","CM008041.1",130665493
"DeerD01.019289","TP36369","CM008041.1",111158433
"DeerD01.019304","TP36393","CM008041.1",77779534
"DeerD01.019326","TP36439","CM008041.1",162378373
"DeerD01.019422","TP36620","CM008041.1",136931152
"DeerD01.019440","TP36651","CM008041.1",77489901
"DeerD01.019477","TP36723","CM008041.1",46438407
"DeerD01.019480","TP36730","CM008041.1",102388180
"DeerD01.019503","TP36778","CM008041.1",85820031
"DeerD01.019606","TP36992","CM008041.1",48741503
"DeerD01.019810","TP37433","CM008041.1",150503871
"DeerD01.019944","TP37736","CM008041.1",168915449
"DeerD01.019958","TP37764","CM008041.1",42272737
"DeerD01.019969","TP37785","CM008041.1",100637791
"DeerD01.020000","TP37839","CM008041.1",146534856
"DeerD01.020004","TP37844","CM008041.1",175566846
"DeerD01.020273","TP38432","CM008041.1",115403810
"DeerD01.020509","TP38913","CM008041.1",180219735
"DeerD01.020532","TP38957","CM008041.1",156480791
"DeerD01.020551","TP38990","CM008041.1",48109463
"DeerD01.020592","TP39090","CM008041.1",21573710
"DeerD01.020617","TP39141","CM008041.1",134163019
"DeerD01.020682","TP39281","CM008041.1",102036115
"DeerD01.020882","TP39649","CM008041.1",134608838
"DeerD01.020966","TP39810","CM008041.1",59660168
"DeerD01.020973","TP39821","CM008041.1",124951010
"DeerD01.021061","TP39995","CM008041.1",174459878
"DeerD01.021091","TP40052","CM008041.1",6803094
"DeerD01.021188","TP40230","CM008041.1",143795116
"DeerD01.021235","TP40320","CM008041.1",32580745
"DeerD01.021264","TP40375","CM008041.1",206490
"DeerD01.021265","TP40385","CM008041.1",174948408
"DeerD01.021279","TP40408","CM008042.1",2293357
"DeerD01.021315","TP40468","CM008041.1",70724098
"DeerD01.021328","TP40494","CM008041.1",132124879
"DeerD01.021355","TP40542","CM008041.1",17626681
"DeerD01.021385","TP40593","CM008041.1",180887484
"DeerD01.021495","TP40800","CM008041.1",144362887
"DeerD01.021586","TP41007","CM008041.1",37982742
"DeerD01.021612","TP41048","CM008041.1",178675417
"DeerD01.021642","TP41114","CM008041.1",44947682
"DeerD01.021716","TP41242","CM008041.1",120314107
"DeerD01.021783","TP41355","CM008041.1",159789809
"DeerD01.021823","TP41411","CM008041.1",51970247
"DeerD01.021922","TP41605","CM008041.1",159636836
"DeerD01.021977","TP41713","CM008041.1",149343317
"DeerD01.022003","TP41755","CM008041.1",159192243
"DeerD01.022037","TP41817","CM008041.1",122638966
"DeerD01.022046","TP41834","CM008041.1",69753683
"DeerD01.022053","TP41853","CM008041.1",133776387
"DeerD01.022078","TP41903","CM008041.1",111177439
"DeerD01.022081","TP41910","CM008041.1",26320695
"DeerD01.022090","TP41926","CM008041.1",24233181
"DeerD01.022111","TP41965","CM008042.1",917984
"DeerD01.022118","TP41975","CM008041.1",133068877
"DeerD01.022166","TP42062","CM008041.1",60346672
"DeerD01.022212","TP42142","CM008041.1",161320833
"DeerD01.022271","TP42258","CM008041.1",166034328
"DeerD01.022288","TP42286","CM008041.1",26302977
"DeerD01.022337","TP42379","CM008041.1",159348161
"DeerD01.022358","TP42424","CM008041.1",122244890
"DeerD01.022413","TP42520","CM008041.1",35193962
"DeerD01.022417","TP42525","CM008041.1",120846234
"DeerD01.022678","TP43046","CM008041.1",2264397
"DeerD01.022709","TP43103","CM008041.1",159611045
"DeerD01.022713","TP43114","CM008041.1",98161098
"DeerD01.022719","TP43127","CM008041.1",159594472
"DeerD01.022724","TP43139","CM008041.1",113879379
"DeerD01.022755","TP43198","CM008041.1",18170214
"DeerD01.022917","TP43504","CM008041.1",178453285
"DeerD01.022963","TP43586","CM008041.1",62876960
"DeerD01.022990","TP43639","CM008041.1",27800534
"DeerD01.023015","TP43683","CM008041.1",132430409
"DeerD01.023070","TP43802","CM008041.1",8981998
"DeerD01.023111","TP43875","CM008041.1",16875221
"DeerD01.023197","TP44046","CM008041.1",111057878
"DeerD01.023217","TP44085","CM008041.1",76315218
"DeerD01.023258","TP44155","CM008041.1",67428684
"DeerD01.023277","TP44188","CM008041.1",176317874
"DeerD01.023322","TP44267","CM008041.1",42830264
"DeerD01.023419","TP44463","CM008041.1",45033592
"DeerD01.023492","TP44619","CM008042.1",3208493
"DeerD01.023548","TP44719","CM008041.1",145143314
"DeerD01.023549","TP44722","CM008041.1",41154437
"DeerD01.023574","TP44759","CM008041.1",12551620
"DeerD01.023618","TP44844","CM008041.1",3983212
"DeerD01.023645","TP44899","CM008041.1",108417307
"DeerD01.023699","TP44990","CM008042.1",1942371
"DeerD01.023764","TP45110","CM008041.1",44520267
"DeerD01.023898","TP45347","CM008041.1",102535902
"DeerD01.023919","TP45389","CM008041.1",109868977
"DeerD01.024044","TP45618","CM008041.1",133517258
"DeerD01.024092","TP45703","CM008041.1",41106105
"DeerD01.024105","TP45733","CM008041.1",118377363
"DeerD01.024206","TP45939","CM008041.1",20508730
"DeerD01.024243","TP46022","CM008041.1",19643767
"DeerD01.024331","TP46162","CM008041.1",176997097
"DeerD01.024357","TP46204","CM008041.1",10348438
"DeerD01.024364","TP46218","CM008041.1",177744778
"DeerD01.024393","TP46276","CM008041.1",129501471
"DeerD01.024453","TP46389","CM008041.1",135190353
"DeerD01.024465","TP46420","CM008041.1",168017191
"DeerD01.024474","TP46436","CM008041.1",140103653
"DeerD01.024479","TP46443","CM008041.1",66177130
"DeerD01.024671","TP46820","CM008041.1",106655265
"DeerD01.024698","TP46873","CM008041.1",115138902
"DeerD01.024739","TP46983","CM008041.1",5720952
"DeerD01.024844","TP47187","CM008041.1",48400256
"DeerD01.024915","TP47319","CM008041.1",45625535
"DeerD01.024923","TP47334","CM008041.1",80497402
"DeerD01.024990","TP47455","CM008041.1",177911446
"DeerD01.025036","TP47522","CM008041.1",176317768
"DeerD01.025043","TP47531","CM008041.1",133967534
"DeerD01.025078","TP47588","CM008041.1",44947747
"DeerD01.025258","TP47928","CM008041.1",17861392
"DeerD01.025278","TP47957","CM008041.1",101144919
"DeerD01.025725","TP48789","CM008041.1",180124743
"DeerD01.025732","TP48801","CM008041.1",179192025
"DeerD01.025779","TP48898","CM008041.1",177314754
"DeerD01.025956","TP49254","CM008041.1",25820071
"DeerD01.026037","TP49404","CM008041.1",130887570
"DeerD01.026043","TP49415","CM008041.1",169377214
"DeerD01.026044","TP49418","CM008041.1",76298684
"DeerD01.026079","TP49490","CM008041.1",176101316
"DeerD01.026205","TP49710","CM008041.1",113879339
"DeerD01.026227","TP49743","CM008041.1",125160912
"DeerD01.026259","TP49814","CM008041.1",157705233
"DeerD01.026280","TP49862","CM008041.1",69953477
"DeerD01.026284","TP49867","CM008041.1",4565103
"DeerD01.026416","TP50117","CM008041.1",103713410
"DeerD01.026478","TP50246","CM008041.1",174685152
"DeerD01.026661","TP50568","CM008041.1",132092572
"DeerD01.026766","TP50784","CM008041.1",45104862
"DeerD01.026777","TP50805","CM008041.1",125502234
"DeerD01.027093","TP51419","CM008041.1",131766074
"DeerD01.027127","TP51481","CM008041.1",41571423
"DeerD01.027159","TP51548","CM008041.1",174687808
"DeerD01.027254","TP51735","CM008041.1",180300334
"DeerD01.027289","TP51803","CM008041.1",176101398
"DeerD01.027299","TP51819","CM008041.1",126657128
"DeerD01.027351","TP51913","CM008041.1",108607427
"DeerD01.027384","TP51972","CM008041.1",70095093
"DeerD01.027396","TP51990","CM008041.1",46404425
"DeerD01.027423","TP52032","CM008041.1",73761917
"DeerD01.027489","TP52165","CM008041.1",29339524
"DeerD01.027510","TP52209","CM008042.1",1120572
"DeerD01.027523","TP52235","CM008041.1",152551524
"DeerD01.027577","TP52346","CM008041.1",180446001
"DeerD01.027578","TP52348","CM008041.1",180445800
"DeerD01.027585","TP52362","CM008041.1",118451664
"DeerD01.027754","TP52667","CM008041.1",114682697
"DeerD01.027764","TP52679","CM008041.1",153126702
"DeerD01.027787","TP52718","CM008041.1",106099952
"DeerD01.027930","TP52970","CM008041.1",108390221
"DeerD01.027979","TP53060","CM008042.1",3208373
"DeerD01.027980","TP53061","CM008041.1",155060002
"DeerD01.028078","TP53258","CM008041.1",1604760
"DeerD01.028171","TP53426","CM008041.1",65099709
"DeerD01.028226","TP53515","CM008041.1",131119092
"DeerD01.028276","TP53610","CM008041.1",9598719
"DeerD01.028337","TP53716","CM008041.1",130538485
"DeerD01.028417","TP53864","CM008041.1",100502863
"DeerD01.028619","TP54265","CM008041.1",131490164
"DeerD01.028778","TP54540","CM008041.1",18170151
"DeerD01.028782","TP54546","CM008041.1",130558700
"DeerD01.028888","TP54740","CM008041.1",149902901
"DeerD01.028935","TP54828","CM008041.1",170529612
"DeerD01.029002","TP54960","CM008041.1",175335486
"DeerD01.029075","TP55090","CM008041.1",128732354
"DeerD01.029078","TP55094","CM008041.1",111339860
"DeerD01.029086","TP55108","CM008041.1",126657065
"DeerD01.029153","TP55252","CM008041.1",43823888
"DeerD01.029168","TP55277","CM008041.1",169762834
"DeerD01.029184","TP55317","CM008041.1",94465581
"DeerD01.029195","TP55336","CM008041.1",162453274
"DeerD01.029253","TP55454","CM008041.1",68663607
"DeerD01.029382","TP55726","CM008041.1",125972949
"DeerD01.029587","TP56131","CM008041.1",121869566
"DeerD01.029741","TP56499","CM008041.1",68663756
"DeerD01.029790","TP56613","CM008041.1",114920727
"DeerD01.029795","TP56626","CM008041.1",96636914
"DeerD01.029831","TP56690","CM008041.1",181006309
"DeerD01.029858","TP56737","CM008041.1",153126588
"DeerD01.029903","TP56818","CM008041.1",24640497
"DeerD01.029932","TP56884","CM008041.1",172124981
"DeerD01.029978","TP56979","CM008041.1",37388330
"DeerD01.030440","TP57903","CM008041.1",162506516
"DeerD01.030523","TP58080","CM008041.1",40445539
"DeerD01.030532","TP58100","CM008041.1",130843863
"DeerD01.030614","TP58255","CM008041.1",123209052
"DeerD01.030682","TP58378","CM008041.1",56618019
"DeerD01.030690","TP58395","CM008042.1",12541
"DeerD01.030725","TP58453","CM008041.1",5320972
"DeerD01.030738","TP58475","CM008041.1",172413260
"DeerD01.030769","TP58534","CM008041.1",31041056
"DeerD01.030782","TP58554","CM008041.1",133776309
"DeerD01.030801","TP58583","CM008041.1",10973948
"DeerD01.030814","TP58606","CM008041.1",104158125
"DeerD01.030815","TP58607","CM008041.1",53646231
"DeerD01.030834","TP58646","CM008041.1",122639029
"DeerD01.030860","TP58701","CM008041.1",161693651
"DeerD01.030861","TP58702","CM008041.1",53920336
"DeerD01.030913","TP58796","CM008041.1",89055335
"DeerD01.030938","TP58838","CM008041.1",84507344
"DeerD01.030946","TP58856","CM008041.1",104165622
"DeerD01.030964","TP58888","CM008041.1",48341607
"DeerD01.031058","TP59071","CM008041.1",24402433
"DeerD01.031156","TP59248","CM008042.1",1338129
"DeerD01.031164","TP59266","CM008041.1",30218279
"DeerD01.031185","TP59320","CM008041.1",96050647
"DeerD01.031225","TP59408","CM008041.1",88014892
"DeerD01.031396","TP59726","CM008041.1",156309504
"DeerD01.031432","TP59791","CM008041.1",13386224
"DeerD01.031502","TP59917","CM008041.1",4317868
"DeerD01.031538","TP59987","CM008041.1",162323283
"DeerD01.031673","TP60233","CM008041.1",122320629
"DeerD01.031827","TP60528","CM008041.1",39975194
"DeerD01.031904","TP60671","CM008041.1",170960537
"DeerD01.031908","TP60678","CM008041.1",175833770
"DeerD01.031926","TP60713","CM008041.1",47204757
"DeerD01.031940","TP60743","CM008041.1",47868444
"DeerD01.031993","TP60846","CM008041.1",80267326
"DeerD01.032023","TP60910","CM008041.1",133431149
"DeerD01.032036","TP60937","CM008041.1",172399997
"DeerD01.032049","TP60959","CM008041.1",26354342
"DeerD01.032090","TP61024","CM008041.1",164375730
"DeerD01.032147","TP61140","CM008041.1",73320109
"DeerD01.032200","TP61241","CM008041.1",157289630
"DeerD01.032307","TP61432","CM008041.1",100259089
"DeerD01.032381","TP61578","CM008041.1",102031027
"DeerD01.032413","TP61653","CM008041.1",40949224
"DeerD01.032422","TP61669","CM008041.1",110637677
"DeerD01.032500","TP61814","CM008041.1",141822014
"DeerD01.032608","TP62000","CM008041.1",5519348
"DeerD01.032618","TP62017","CM008041.1",49762728
"DeerD01.032638","TP62053","CM008041.1",158566551
"DeerD01.032719","TP62228","CM008042.1",1453006
"DeerD01.032769","TP62325","CM008041.1",120896024
"DeerD01.032847","TP62462","CM008041.1",103329419
"DeerD01.032861","TP62478","CM008041.1",148356609
"DeerD01.032908","TP62560","CM008041.1",180073506
"DeerD01.032917","TP62579","CM008041.1",24371181
"DeerD01.032956","TP62624","CM008041.1",118938533
"DeerD01.033010","TP62726","CM008041.1",4380602
"DeerD01.033031","TP62769","CM008041.1",91356500
"DeerD01.033082","TP62870","CM008041.1",5476073
"DeerD01.033131","TP62987","CM008041.1",76593788
"DeerD01.033209","TP63167","CM008041.1",18588924
"DeerD01.033218","TP63184","CM008041.1",66528531
"DeerD01.033226","TP63202","CM008041.1",32185474
"DeerD01.033230","TP63217","CM008041.1",176228692
"DeerD01.033232","TP63220","CM008041.1",66847526
"DeerD01.033247","TP63260","CM008041.1",170347121
"DeerD01.033278","TP63311","CM008041.1",138124816
"DeerD01.033283","TP63318","CM008041.1",42272674
"DeerD01.033499","TP63768","CM008041.1",175565409
"DeerD01.033607","TP63972","CM008041.1",103698977
"DeerD01.033704","TP64145","CM008041.1",151441099
"DeerD01.033810","TP64350","CM008041.1",91468894
"DeerD01.033817","TP64359","CM008041.1",104165559
"DeerD01.033905","TP64530","CM008041.1",127888474
"DeerD01.033909","TP64540","CM008041.1",132092615
"DeerD01.033941","TP64607","CM008041.1",28224513
"DeerD01.033945","TP64615","CM008041.1",130665493
"DeerD01.033970","TP64653","CM008041.1",132783953
"DeerD01.034067","TP64853","CM008041.1",63680567
"DeerD01.034126","TP64949","CM008041.1",159594480
"DeerD01.034212","TP65120","CM008041.1",48289022
"DeerD01.034270","TP65249","CM008041.1",1832041
"DeerD01.034271","TP65250","CM008041.1",121943524
"DeerD01.034294","TP65306","CM008041.1",124550419
"DeerD01.034321","TP65356","CM008041.1",172036459
"DeerD01.034383","TP65465","CM008041.1",179801747
"DeerD01.034446","TP65616","CM008041.1",174685215
"DeerD01.034461","TP65648","CM008041.1",168660590
"DeerD01.034539","TP65806","CM008041.1",82676314
"DeerD01.034553","TP65833","CM008041.1",112303883
"DeerD01.034586","TP65897","CM008041.1",179870794
"DeerD01.034776","TP66256","CM008041.1",164375380
"DeerD01.034814","TP66326","CM008041.1",72808689
"DeerD01.034845","TP66379","CM008041.1",54490390
"DeerD01.034955","TP66607","CM008041.1",131508101
"DeerD01.035041","TP66781","CM008041.1",166226493
"DeerD01.035096","TP66885","CM008041.1",124653823
"DeerD01.035158","TP66999","CM008041.1",12276581
"DeerD01.035258","TP67189","CM008041.1",167934687
"DeerD01.035288","TP67240","CM008041.1",125972886
"DeerD01.035439","TP67546","CM008041.1",140662491
"DeerD01.035450","TP67566","CM008041.1",55849350
"DeerD01.035464","TP67585","CM008041.1",178621974
"DeerD01.035514","TP67677","CM008041.1",5735393
"DeerD01.035573","TP67788","CM008041.1",143180706
"DeerD01.035590","TP67828","CM008041.1",173453614
"DeerD01.035592","TP67830","CM008041.1",96892827
"DeerD01.035756","TP68137","CM008041.1",112208747
"DeerD01.035862","TP68338","CM008041.1",140805069
"DeerD01.035993","TP68583","CM008041.1",17861261
"DeerD01.036055","TP68686","CM008041.1",37982679
"DeerD01.036103","TP68773","CM008041.1",55384487
"DeerD01.036189","TP68946","CM008041.1",176022036
"DeerD01.036204","TP68971","CM008041.1",149785889
"DeerD01.036205","TP68972","CM008041.1",55047444
"DeerD01.036208","TP68975","CM008041.1",124192711
"DeerD01.036282","TP69109","CM008041.1",50866277
"DeerD01.036307","TP69151","CM008041.1",119609266
"DeerD01.036398","TP69320","CM008041.1",43835902
"DeerD01.036407","TP69334","CM008041.1",15957957
"DeerD01.036522","TP69563","CM008041.1",108470063
"DeerD01.036561","TP69629","CM008041.1",173622571
"DeerD01.036608","TP69710","CM008041.1",27237614
"DeerD01.036748","TP69980","CM008041.1",48726264
"DeerD01.036882","TP70231","CM008041.1",73525317
"DeerD01.036934","TP70335","CM008041.1",51343925
"DeerD01.036937","TP70340","CM008041.1",93307184
"DeerD01.036988","TP70413","CM008041.1",167163472
"DeerD01.037343","TP71068","CM008041.1",170144939
"DeerD01.037362","TP71108","CM008041.1",38099553
"DeerD01.037365","TP71114","CM008041.1",169008148
"DeerD01.037430","TP71237","CM008041.1",69681061
"DeerD01.037637","TP71599","CM008041.1",174764462
"DeerD01.037754","TP71826","CM008041.1",178453225
"DeerD01.037809","TP71961","CM008041.1",148568205
"DeerD01.037846","TP72025","CM008041.1",28570604
"DeerD01.037872","TP72075","CM008041.1",158566488
"DeerD01.037876","TP72082","CM008041.1",114146947
"DeerD01.037881","TP72090","CM008041.1",177654851
"DeerD01.037902","TP72132","CM008041.1",180445863
"DeerD01.037941","TP72195","CM008041.1",102374804
"DeerD01.038033","TP72367","CM008041.1",70787016
"DeerD01.038071","TP72449","CM008041.1",124550224
"DeerD01.038114","TP72538","CM008041.1",124653760
"DeerD01.038149","TP72606","CM008041.1",26261947
"DeerD01.038245","TP72800","CM008041.1",46493654
"DeerD01.038261","TP72847","CM008041.1",169572304
"DeerD01.038267","TP72859","CM008041.1",180354050
"DeerD01.038340","TP73020","CM008041.1",179987326
"DeerD01.038373","TP73083","CM008041.1",40234063
"DeerD01.038533","TP73410","CM008041.1",60034825
"DeerD01.038545","TP73429","CM008041.1",40495412
"DeerD01.038622","TP73559","CM008041.1",136983686
"DeerD01.038773","TP73842","CM008041.1",115148242
"DeerD01.038855","TP74016","CM008041.1",140803105
"DeerD01.038858","TP74019","CM008041.1",104158125
"DeerD01.038894","TP74089","CM008041.1",111299355
"DeerD01.038903","TP74102","CM008041.1",94465568
"DeerD01.039205","TP74724","CM008041.1",48110879
"DeerD01.039330","TP74941","CM008041.1",175435249
"DeerD01.039474","TP75204","CM008041.1",29725414
"DeerD01.039582","TP75399","CM008041.1",135145155
"DeerD01.039603","TP75440","CM008041.1",86792064
"DeerD01.039692","TP75625","CM008041.1",113971810
"DeerD01.039790","TP75816","CM008041.1",42857151
"DeerD01.039795","TP75824","CM008041.1",156366738
"DeerD01.040021","TP76246","CM008041.1",124192683
"DeerD01.040028","TP76257","CM008041.1",110117545
"DeerD01.040032","TP76269","CM008041.1",151416704
"DeerD01.040045","TP76289","CM008041.1",4326342
"DeerD01.040098","TP76382","CM008041.1",138550885
"DeerD01.040336","TP76852","CM008041.1",99829888
"DeerD01.040363","TP76893","CM008041.1",143795306
"DeerD01.040369","TP76903","CM008041.1",48741566
"DeerD01.040442","TP77035","CM008041.1",126552200
"DeerD01.040594","TP77346","CM008041.1",178616073
"DeerD01.040639","TP77426","CM008041.1",135355334
"DeerD01.040659","TP77463","CM008041.1",144521369
"DeerD01.040741","TP77641","CM008041.1",86116339
"DeerD01.040743","TP77645","CM008041.1",135454415
"DeerD01.040754","TP77665","CM008041.1",69300930
"DeerD01.040789","TP77733","CM008041.1",159822368
"DeerD01.040801","TP77754","CM008041.1",26320670
"DeerD01.040874","TP77895","CM008041.1",114424897
"DeerD01.040877","TP77900","CM008041.1",9319606
"DeerD01.040898","TP77938","CM008041.1",170068488
"DeerD01.040935","TP77997","CM008041.1",55243352
"DeerD01.040995","TP78097","CM008041.1",54247189
"DeerD01.041029","TP78159","CM008041.1",133203393
"DeerD01.041048","TP78189","CM008041.1",113931208
"DeerD01.041114","TP78327","CM008041.1",134469333
"DeerD01.041123","TP78344","CM008041.1",38359145
"DeerD01.041140","TP78368","CM008041.1",5813388
"DeerD01.041191","TP78450","CM008042.1",2293294
"DeerD01.041192","TP78452","CM008041.1",89491202
"DeerD01.041295","TP78657","CM008041.1",156496958
"DeerD01.041426","TP78919","CM008041.1",15775391
"DeerD01.041457","TP78985","CM008041.1",5519399
"DeerD01.041779","TP79595","CM008041.1",6814282
"DeerD01.041787","TP79606","CM008041.1",131508164
"DeerD01.041807","TP79643","CM008041.1",131740151
"DeerD01.041842","TP79715","CM008041.1",53646294
"DeerD01.041916","TP79861","CM008041.1",9585164
"DeerD01.041933","TP79891","CM008041.1",35173832
"DeerD01.041946","TP79921","CM008041.1",44026207
"DeerD01.041962","TP79957","CM008041.1",5321606
"DeerD01.041970","TP79970","CM008041.1",118632549
"DeerD01.042025","TP80069","CM008041.1",23039174
"DeerD01.042035","TP80088","CM008042.1",1374325
"DeerD01.042193","TP80381","CM008041.1",104025934
"DeerD01.042225","TP80446","CM008041.1",138162358
"DeerD01.042256","TP80502","CM008041.1",45033736
"DeerD01.042293","TP80574","CM008041.1",24098361
"DeerD01.042318","TP80626","CM008041.1",167723133
"DeerD01.042456","TP80897","CM008041.1",108470000
"DeerD01.042470","TP80924","CM008041.1",107564107
"DeerD01.042535","TP81037","CM008041.1",109855084
"DeerD01.042550","TP81060","CM008041.1",121095304
"DeerD01.042619","TP81185","CM008041.1",26320758
"DeerD01.042682","TP81302","CM008041.1",129102829
"DeerD01.042716","TP81369","CM008041.1",165604177
"DeerD01.042726","TP81397","CM008041.1",27655065
"DeerD01.042735","TP81413","CM008041.1",173605306
"DeerD01.042746","TP81434","CM008041.1",165378140
"DeerD01.042859","TP81669","CM008042.1",3710098
"DeerD01.042945","TP81852","CM008041.1",123928430
"DeerD01.043302","TP82539","CM008041.1",63482353
"DeerD01.043400","TP82756","CM008041.1",157082670
"DeerD01.043477","TP82888","CM008041.1",176239198
"DeerD01.043631","TP83216","CM008041.1",142622042
"DeerD01.043789","TP83519","CM008041.1",111245842
"DeerD01.043825","TP83589","CM008041.1",159640252
"DeerD01.044027","TP84011","CM008041.1",24729482
"DeerD01.044101","TP84186","CM008041.1",177354251
"DeerD01.044225","TP84438","CM008041.1",166517833
"DeerD01.044265","TP84522","CM008041.1",159820226
"DeerD01.044339","TP84676","CM008041.1",167243911
"DeerD01.044385","TP84784","CM008041.1",160619572
"DeerD01.044490","TP84980","CM008041.1",33162657
"DeerD01.044501","TP85000","CM008041.1",130592598
"DeerD01.044675","TP85341","CM008041.1",40534927
"DeerD01.044684","TP85369","CM008041.1",26320607
"DeerD01.044763","TP85528","CM008041.1",129220402
"DeerD01.044803","TP85597","CM008041.1",22823903
"DeerD01.044819","TP85632","CM008041.1",49010435
"DeerD01.044973","TP85949","CM008041.1",45424439
"DeerD01.045027","TP86044","CM008041.1",178676407
"DeerD01.045241","TP86453","CM008041.1",45033603
"DeerD01.045373","TP86759","CM008041.1",125239939
"DeerD01.045543","TP87108","CM008041.1",144037954
"DeerD01.045662","TP87354","CM008041.1",81534177
"DeerD01.045774","TP87570","CM008041.1",110531846
"DeerD01.045834","TP87680","CM008041.1",82676276
"DeerD01.045865","TP87752","CM008041.1",171424014
"DeerD01.045885","TP87790","CM008041.1",124653891
"DeerD01.045957","TP87915","CM008041.1",48574020
"DeerD01.045958","TP87918","CM008041.1",41550967
"DeerD01.046062","TP88112","CM008041.1",160273606
"DeerD01.046111","TP88206","CM008041.1",111011382
"DeerD01.046125","TP88239","CM008041.1",72970256
"DeerD01.046137","TP88270","CM008041.1",95125602
"DeerD01.046209","TP88390","CM008041.1",4941605
"DeerD01.046216","TP88402","CM008041.1",41504421
"DeerD01.046282","TP88534","CM008041.1",160309982
"DeerD01.046353","TP88664","CM008041.1",67240521
"DeerD01.046394","TP88732","CM008041.1",159610891
"DeerD01.046444","TP88814","CM008041.1",31512712
"DeerD01.046647","TP89192","CM008041.1",6490247
"DeerD01.046713","TP89317","CM008041.1",111513193
"DeerD01.046796","TP89462","CM008041.1",169878071
"DeerD01.047011","TP89851","CM008041.1",62527622
"DeerD01.047169","TP90144","CM008041.1",128860668
"DeerD01.047624","TP91277","CM008041.1",26600484
"DeerD01.047637","TP91301","CM008041.1",66847550
"DeerD01.047652","TP91323","CM008041.1",133255972
"DeerD01.047662","TP91338","CM008041.1",40853273
"DeerD01.047673","TP91352","CM008041.1",75363498
"DeerD01.047745","TP91497","CM008041.1",152508932
"DeerD01.047964","TP91870","CM008041.1",175629370
"DeerD01.048029","TP92006","CM008041.1",43806111
"DeerD01.048226","TP92362","CM008041.1",128860605
"DeerD01.048257","TP92425","CM008041.1",106953674
"DeerD01.048280","TP92467","CM008041.1",133517321
"DeerD01.048296","TP92502","CM008041.1",159640196
"DeerD01.048386","TP92667","CM008041.1",118451657
"DeerD01.048632","TP93097","CM008041.1",24679671
"DeerD01.048639","TP93107","CM008041.1",79035809
"DeerD01.048732","TP93290","CM008041.1",47119829
"DeerD01.048810","TP93444","CM008041.1",5324076
"DeerD01.048883","TP93584","CM008041.1",104025957
"DeerD01.048979","TP93763","CM008041.1",127622311
"DeerD01.049169","TP94127","CM008041.1",92460420
"DeerD01.049287","TP94363","CM008041.1",111177376
"DeerD01.049300","TP94386","CM008041.1",24821160
"DeerD01.049313","TP94420","CM008041.1",42379523
"DeerD01.049437","TP94689","CM008041.1",38620428
"DeerD01.049440","TP94694","CM008041.1",47119892
"DeerD01.049497","TP94820","CM008041.1",76061332
"DeerD01.049504","TP94834","CM008041.1",84435757
"DeerD01.049583","TP94985","CM008041.1",137330543
"DeerD01.049645","TP95097","CM008041.1",101267129
"DeerD01.049700","TP95210","CM008041.1",104235348
"DeerD01.049847","TP95466","CM008041.1",179090214
"DeerD01.049924","TP95614","CM008041.1",24925966
"DeerD01.049954","TP95678","CM008041.1",16869180
"DeerD01.050252","TP96254","CM008041.1",4160282
"DeerD01.050453","TP96616","CM008041.1",16607453
"DeerD01.050460","TP96626","CM008041.1",168686372
"DeerD01.050475","TP96660","CM008041.1",169631901
"DeerD01.050543","TP96793","CM008041.1",39407817
"DeerD01.050572","TP96836","CM008041.1",166226372
"DeerD01.050577","TP96842","CM008041.1",175520115
"DeerD01.050650","TP96996","CM008041.1",24679608
"DeerD01.050885","TP97437","CM008041.1",169416969
"DeerD01.050916","TP97492","CM008041.1",38226025
"DeerD01.051031","TP97676","CM008041.1",27800516
"DeerD01.051353","TP98257","CM008041.1",12551557
"DeerD01.051374","TP98301","CM008041.1",150479540
"DeerD01.051492","TP98518","CM008041.1",175629316
"DeerD01.051729","TP98973","CM008041.1",3695886
"DeerD01.051847","TP99172","CM008041.1",122280753
"DeerD01.052045","TP99546","CM008041.1",130725484
"DeerD01.052049","TP99551","CM008041.1",50186275
"DeerD01.052067","TP99581","CM008041.1",169417032
"DeerD01.052068","TP99582","CM008041.1",42232986
"DeerD01.052123","TP99683","CM008041.1",105231918
"DeerD01.052152","TP99734","CM008041.1",114877377
"DeerD01.052162","TP99753","CM008041.1",40163279
"DeerD01.052224","TP99872","CM008041.1",43835965
"DeerD01.052280","TP99979","CM008041.1",179870848
"DeerD01.052289","TP100000","CM008041.1",123928493
"DeerD01.052331","TP100083","CM008041.1",122635978
"DeerD01.052368","TP100155","CM008041.1",74776387
"DeerD01.052418","TP100238","CM008041.1",77850885
"DeerD01.052434","TP100284","CM008041.1",102374631
"DeerD01.052442","TP100301","CM008041.1",159216329
"DeerD01.052451","TP100321","CM008041.1",60436241
"DeerD01.052454","TP100327","CM008041.1",175486859
"DeerD01.052461","TP100337","CM008041.1",110559799
"DeerD01.052560","TP100533","CM008041.1",93305184
"DeerD01.052618","TP100649","CM008041.1",33688386
"DeerD01.052733","TP100868","CM008041.1",6143050
"DeerD01.052771","TP100946","CM008041.1",47627199
"DeerD01.052919","TP101211","CM008041.1",39975221
"DeerD01.052939","TP101248","CM008041.1",69681124
"DeerD01.052958","TP101288","CM008041.1",70261671
"DeerD01.053105","TP101563","CM008041.1",178826796
"DeerD01.053232","TP101804","CM008041.1",176465276
"DeerD01.053253","TP101861","CM008041.1",42830125
"DeerD01.053310","TP101969","CM008041.1",42857100
"DeerD01.053592","TP102522","CM008041.1",24679665
"DeerD01.053595","TP102527","CM008041.1",144570693
"DeerD01.053623","TP102575","CM008041.1",103276357
"DeerD01.053645","TP102615","CM008041.1",47575118
"DeerD01.053651","TP102630","CM008041.1",33067974
"DeerD01.053677","TP102689","CM008041.1",159216392
"DeerD01.053687","TP102705","CM008041.1",175449534
"DeerD01.053711","TP102763","CM008041.1",159231219
"DeerD01.053775","TP102884","CM008041.1",111337593
"DeerD01.053838","TP102992","CM008041.1",6140815
"DeerD01.053841","TP103002","CM008041.1",73517126
"DeerD01.053872","TP103060","CM008041.1",47137537
"DeerD01.053986","TP103265","CM008041.1",38894542
"DeerD01.054114","TP103507","CM008041.1",131077845
"DeerD01.054125","TP103534","CM008041.1",180662638
"DeerD01.054126","TP103539","CM008041.1",70261603
"DeerD01.054136","TP103559","CM008042.1",2612841
"DeerD01.054144","TP103579","CM008041.1",131766081
"DeerD01.054201","TP103696","CM008041.1",98303426
"DeerD01.054295","TP103899","CM008041.1",123827227
"DeerD01.054306","TP103919","CM008041.1",10207096
"DeerD01.054334","TP103972","CM008041.1",23008845
"DeerD01.054337","TP103982","CM008041.1",45033713
"DeerD01.054413","TP104133","CM008041.1",5239499
"DeerD01.054416","TP104138","CM008041.1",132257871
"DeerD01.054429","TP104167","CM008041.1",17415574
"DeerD01.054455","TP104226","CM008041.1",17798338
"DeerD01.054508","TP104328","CM008041.1",171473841
"DeerD01.054516","TP104344","CM008041.1",150445745
"DeerD01.054579","TP104480","CM008041.1",83242759
"DeerD01.054588","TP104501","CM008041.1",59659856
"DeerD01.054691","TP104701","CM008041.1",41812111
"DeerD01.054749","TP104810","CM008041.1",134112167
"DeerD01.054782","TP104885","CM008041.1",168686412
"DeerD01.054855","TP105028","CM008041.1",162539199
"DeerD01.054922","TP105164","CM008041.1",63680504
"DeerD01.054931","TP105184","CM008041.1",178616032
"DeerD01.054969","TP105256","CM008041.1",48785419
"DeerD01.055068","TP105435","CM008041.1",9546393
"DeerD01.055125","TP105541","CM008041.1",130080418
"DeerD01.055310","TP105913","CM008041.1",39791577
"DeerD01.055312","TP105916","CM008041.1",117885468
"DeerD01.055325","TP105943","CM008041.1",180684149
"DeerD01.055330","TP105954","CM008042.1",3208495
"DeerD01.055502","TP106314","CM008041.1",167758510
"DeerD01.055503","TP106315","CM008041.1",135095765
"DeerD01.055522","TP106351","CM008041.1",173605301
"DeerD01.055526","TP106362","CM008041.1",159348224
"DeerD01.055532","TP106372","CM008041.1",165604114
"DeerD01.055579","TP106460","CM008041.1",124495697
"DeerD01.055642","TP106582","CM008041.1",178160253
"DeerD01.055694","TP106678","CM008041.1",98160999
"DeerD01.055775","TP106828","CM008041.1",143795305
"DeerD01.055857","TP106975","CM008041.1",11197246
"DeerD01.055858","TP106976","CM008041.1",33067975
"DeerD01.055873","TP107003","CM008041.1",1753937
"DeerD01.055874","TP107004","CM008041.1",54490413
"DeerD01.055899","TP107072","CM008041.1",132520607
"DeerD01.055903","TP107079","CM008041.1",63780145
"DeerD01.056085","TP107420","CM008041.1",98160286
"DeerD01.056096","TP107446","CM008041.1",75908155
"DeerD01.056100","TP107451","CM008041.1",3455055
"DeerD01.056128","TP107496","CM008041.1",65100333
"DeerD01.056150","TP107536","CM008041.1",48971364
"DeerD01.056388","TP107971","CM008041.1",175118308
"DeerD01.056436","TP108068","CM008041.1",47568422
"DeerD01.056522","TP108232","CM008042.1",1942404
"DeerD01.056707","TP108554","CM008041.1",14676581
"DeerD01.056713","TP108564","CM008041.1",26703532
"DeerD01.056811","TP108761","CM008041.1",94621709
"DeerD01.056858","TP108836","CM008041.1",149902838
"DeerD01.056867","TP108865","CM008041.1",88954518
"DeerD01.056947","TP109049","CM008041.1",26302991
"DeerD01.056998","TP109134","CM008041.1",48729213
"DeerD01.057037","TP109203","CM008041.1",174543015
"DeerD01.057116","TP109348","CM008041.1",60017014
"DeerD01.057124","TP109363","CM008041.1",116876602
"DeerD01.057169","TP109460","CM008041.1",174674694
"DeerD01.057186","TP109486","CM008041.1",45619391
"DeerD01.057217","TP109546","CM008041.1",129239886
"DeerD01.057244","TP109587","CM008041.1",171793854
"DeerD01.057257","TP109614","CM008041.1",90981406
"DeerD01.057269","TP109628","CM008041.1",148825030
"DeerD01.057435","TP109941","CM008041.1",131802010
"DeerD01.057515","TP110109","CM008041.1",72881933
"DeerD01.057533","TP110141","CM008041.1",127698185
"DeerD01.057560","TP110187","CM008041.1",72170193
"DeerD01.057610","TP110274","CM008041.1",180606188
"DeerD01.057617","TP110296","CM008041.1",135126648
"DeerD01.057620","TP110302","CM008041.1",79739389
"DeerD01.057665","TP110390","CM008041.1",79725102
"DeerD01.057693","TP110427","CM008041.1",168226821
"DeerD01.057925","TP110846","CM008041.1",48971362
"DeerD01.057941","TP110876","CM008041.1",108417244
"DeerD01.057945","TP110881","CM008041.1",120596821
"DeerD01.058001","TP110990","CM008041.1",121660344
"DeerD01.058048","TP111071","CM008041.1",45948955
"DeerD01.058054","TP111081","CM008041.1",111968272
"DeerD01.058086","TP111139","CM008041.1",106600087
"DeerD01.058098","TP111155","CM008041.1",35540860
"DeerD01.058142","TP111248","CM008041.1",131990557
"DeerD01.058200","TP111346","CM008041.1",63928367
"DeerD01.058223","TP111391","CM008041.1",43854502
"DeerD01.058293","TP111517","CM008041.1",131700463
"DeerD01.058304","TP111540","CM008041.1",175033062
"DeerD01.058426","TP111764","CM008041.1",176022221
"DeerD01.058515","TP111925","CM008041.1",15966452
"DeerD01.058521","TP111941","CM008041.1",162435985
"DeerD01.058540","TP111974","CM008041.1",82449449
"DeerD01.058546","TP111982","CM008041.1",30174666
"DeerD01.058583","TP112053","CM008041.1",136983735
"DeerD01.058630","TP112152","CM008041.1",30595992
"DeerD01.058633","TP112156","CM008041.1",17485567
"DeerD01.058685","TP112261","CM008041.1",28797563
"DeerD01.058694","TP112284","CM008041.1",45104925
"DeerD01.058713","TP112320","CM008041.1",160184579
"DeerD01.058833","TP112548","CM008041.1",167910749
"DeerD01.058841","TP112564","CM008041.1",5239436
"DeerD01.058897","TP112668","CM008041.1",164375755
"DeerD01.058913","TP112697","CM008041.1",98160857
"DeerD01.059019","TP112860","CM008041.1",24457477
"DeerD01.059160","TP113112","CM008041.1",168428340
"DeerD01.059275","TP113336","CM008041.1",176877689
"DeerD01.059283","TP113353","CM008041.1",176985394
"DeerD01.059312","TP113414","CM008041.1",109855147
"DeerD01.059416","TP113589","CM008041.1",54458777
"DeerD01.059422","TP113599","CM008041.1",43850552
"DeerD01.059476","TP113690","CM008041.1",120170211
"DeerD01.059536","TP113790","CM008041.1",109235606
"DeerD01.059621","TP113950","CM008041.1",176745519
"DeerD01.059684","TP114056","CM008041.1",30174729
"DeerD01.059692","TP114073","CM008041.1",28797626
"DeerD01.059719","TP114129","CM008041.1",39569704
"DeerD01.059735","TP114160","CM008041.1",164143701
"DeerD01.059887","TP114413","CM008041.1",1181574
"DeerD01.059928","TP114487","CM008041.1",26826467
"DeerD01.060001","TP114611","CM008041.1",99936136
"DeerD01.060010","TP114627","CM008041.1",120314256
"DeerD01.060025","TP114650","CM008041.1",178289762
"DeerD01.060066","TP114723","CM008041.1",55979533
"DeerD01.060101","TP114784","CM008041.1",4941711
"DeerD01.060112","TP114807","CM008041.1",71424022
"DeerD01.060133","TP114845","CM008041.1",159822431
"DeerD01.060145","TP114862","CM008041.1",157302453
"DeerD01.060175","TP114899","CM008041.1",37728367
"DeerD01.060193","TP114927","CM008041.1",13951577
"DeerD01.060253","TP115027","CM008041.1",139875352
"DeerD01.060288","TP115095","CM008041.1",133133458
"DeerD01.060293","TP115105","CM008041.1",162983423
"DeerD01.060333","TP115174","CM008041.1",34940698
"DeerD01.060364","TP115235","CM008042.1",280049
"DeerD01.060369","TP115243","CM008041.1",168017056
"DeerD01.060378","TP115261","CM008041.1",63251439
"DeerD01.060387","TP115272","CM008041.1",26302914
"DeerD01.060500","TP115526","CM008041.1",72392931
"DeerD01.060530","TP115579","CM008041.1",150495539
"DeerD01.060610","TP115703","CM008041.1",92121018
"DeerD01.060632","TP115741","CM008041.1",127622248
"DeerD01.060641","TP115755","CM008041.1",129102744
"DeerD01.060666","TP115795","CM008041.1",27054570
"DeerD01.060816","TP116059","CM008041.1",27713659
"DeerD01.060819","TP116062","CM008041.1",165471889
"DeerD01.060877","TP116152","CM008041.1",170182480
"DeerD01.060912","TP116225","CM008041.1",168528547
"DeerD01.060933","TP116260","CM008041.1",177398642
"DeerD01.060943","TP116279","CM008041.1",66578133
"DeerD01.061007","TP116383","CM008041.1",69680979
"DeerD01.061037","TP116430","CM008041.1",176465337
"DeerD01.061129","TP116584","CM008041.1",18918890
"DeerD01.061134","TP116592","CM008041.1",162403823
"DeerD01.061150","TP116626","CM008041.1",170144989
"DeerD01.061215","TP116732","CM008041.1",29190659
"DeerD01.061224","TP116744","CM008041.1",74331018
"DeerD01.061260","TP116803","CM008041.1",59994170
"DeerD01.061264","TP116809","CM008041.1",27389993
"DeerD01.061276","TP116828","CM008041.1",33100359
"DeerD01.061333","TP116928","CM008041.1",57664276
"DeerD01.061494","TP117196","CM008041.1",89500815
"DeerD01.061603","TP117382","CM008041.1",137639446
"DeerD01.061650","TP117457","CM008041.1",148824967
"DeerD01.061674","TP117494","CM008041.1",45845643
"DeerD01.061691","TP117515","CM008041.1",137165118
"DeerD01.061716","TP117557","CM008041.1",61260305
"DeerD01.061729","TP117574","CM008041.1",179327856
"DeerD01.061762","TP117629","CM008041.1",12800888
"DeerD01.061777","TP117653","CM008041.1",46291554
"DeerD01.061821","TP117741","CM008041.1",134112104
"DeerD01.061894","TP117858","CM008041.1",21827330
"DeerD01.061895","TP117859","CM008041.1",172120382
"DeerD01.061921","TP117901","CM008041.1",33717869
"DeerD01.061997","TP118021","CM008041.1",161060302
"DeerD01.062031","TP118079","CM008041.1",48568821
"DeerD01.062162","TP118324","CM008041.1",74776450
"DeerD01.062259","TP118513","CM008041.1",98300760
"DeerD01.062290","TP118580","CM008041.1",6140749
"DeerD01.062306","TP118610","CM008041.1",99852261
"DeerD01.062314","TP118623","CM008041.1",67205172
"DeerD01.062320","TP118633","CM008041.1",150532052
"DeerD01.062384","TP118753","CM008041.1",180662643
"DeerD01.062488","TP118945","CM008041.1",60712093
"DeerD01.062501","TP118967","CM008041.1",6576297
"DeerD01.062506","TP118975","CM008041.1",34857092
"DeerD01.062514","TP118988","CM008041.1",176022193
"DeerD01.062593","TP119107","CM008041.1",76578593
"DeerD01.062611","TP119145","CM008041.1",177713520
"DeerD01.062612","TP119146","CM008041.1",177713517
"DeerD01.062661","TP119227","CM008041.1",26826488
"DeerD01.062684","TP119270","CM008042.1",279986
"DeerD01.062688","TP119277","CM008041.1",157345108
"DeerD01.062754","TP119410","CM008041.1",159809924
"DeerD01.062919","TP119720","CM008041.1",65389238
"DeerD01.063021","TP119885","CM008041.1",98160347
"DeerD01.063077","TP120030","CM008041.1",107615091
"DeerD01.063081","TP120041","CM008041.1",52036527
"DeerD01.063099","TP120074","CM008041.1",167927206
"DeerD01.063240","TP120320","CM008041.1",88889768
"DeerD01.063277","TP120392","CM008041.1",162403788
"DeerD01.063302","TP120433","CM008041.1",174683521
"DeerD01.063307","TP120444","CM008041.1",86091775
"DeerD01.063322","TP120470","CM008041.1",150445762
"DeerD01.063392","TP120583","CM008041.1",144525036
"DeerD01.063407","TP120609","CM008041.1",57874773
"DeerD01.063483","TP120745","CM008041.1",148298525
"DeerD01.063529","TP120839","CM008041.1",40534921
"DeerD01.063589","TP120957","CM008041.1",7061041
"DeerD01.063638","TP121045","CM008041.1",114191135
"DeerD01.063642","TP121054","CM008041.1",181377255
"DeerD01.063646","TP121060","CM008041.1",173678302
"DeerD01.063648","TP121064","CM008041.1",107873372
"DeerD01.063668","TP121099","CM008041.1",118632687
"DeerD01.063675","TP121120","CM008041.1",72498981
"DeerD01.063727","TP121205","CM008041.1",18982773
"DeerD01.064003","TP121738","CM008041.1",170068442
"DeerD01.064049","TP121810","CM008041.1",107456719
"DeerD01.064142","TP121970","CM008041.1",164319796
"DeerD01.064149","TP121981","CM008041.1",108244469
"DeerD01.064165","TP122012","CM008041.1",35809978
"DeerD01.064194","TP122067","CM008041.1",117885531
"DeerD01.064212","TP122102","CM008041.1",148876393
"DeerD01.064229","TP122141","CM008041.1",68021765
"DeerD01.064328","TP122310","CM008041.1",157196287
"DeerD01.064404","TP122451","CM008041.1",24104877
"DeerD01.064416","TP122476","CM008041.1",1214326
"DeerD01.064450","TP122538","CM008041.1",166387086
"DeerD01.064517","TP122663","CM008041.1",170960636
"DeerD01.064540","TP122706","CM008041.1",94915033
"DeerD01.064555","TP122731","CM008041.1",105786069
"DeerD01.064652","TP122927","CM008041.1",60411811
"DeerD01.064671","TP122960","CM008041.1",109269886
"DeerD01.064681","TP122979","CM008041.1",163960497
"DeerD01.064684","TP122996","CM008041.1",26034724
"DeerD01.064761","TP123139","CM008041.1",159192288
"DeerD01.064768","TP123155","CM008041.1",82418046
"DeerD01.064879","TP123338","CM008041.1",3021243
"DeerD01.064954","TP123493","CM008041.1",6635941
"DeerD01.065003","TP123600","CM008041.1",175112336
"DeerD01.065160","TP123887","CM008041.1",26600528
"DeerD01.065191","TP123942","CM008041.1",89469032
"DeerD01.065274","TP124124","CM008041.1",30319112
"DeerD01.065349","TP124269","CM008041.1",29409057
"DeerD01.065460","TP124510","CM008041.1",132430472
"DeerD01.065510","TP124589","CM008041.1",176228629
"DeerD01.065530","TP124624","CM008041.1",50866214
"DeerD01.065585","TP124733","CM008041.1",158607044
"DeerD01.065614","TP124792","CM008041.1",175513032
"DeerD01.065620","TP124803","CM008041.1",40234000
"DeerD01.065630","TP124831","CM008041.1",175112273
"DeerD01.065731","TP125024","CM008041.1",56901269
"DeerD01.065734","TP125029","CM008041.1",42773040
"DeerD01.065780","TP125108","CM008041.1",50388572
"DeerD01.065880","TP125306","CM008041.1",38764126
"DeerD01.065985","TP125497","CM008041.1",170182543
"DeerD01.065987","TP125505","CM008041.1",118793441
"DeerD01.065991","TP125512","CM008041.1",30733537
"DeerD01.066023","TP125576","CM008041.1",46291491
"DeerD01.066150","TP125800","CM008041.1",163597935
"DeerD01.066276","TP126044","CM008041.1",141015805
"DeerD01.066281","TP126052","CM008041.1",41154700
"DeerD01.066387","TP126275","CM008041.1",41915530
"DeerD01.066512","TP126536","CM008041.1",79568632
"DeerD01.066591","TP126718","CM008041.1",77656168
"DeerD01.066593","TP126725","CM008041.1",83753283
"DeerD01.066603","TP126743","CM008041.1",104883153
"DeerD01.066621","TP126770","CM008041.1",53646189
"DeerD01.066827","TP127169","CM008041.1",83202265
"DeerD01.066881","TP127272","CM008041.1",20508732
"DeerD01.066923","TP127363","CM008041.1",76645110
"DeerD01.066988","TP127492","CM008041.1",175089903
"DeerD01.067062","TP127656","CM008041.1",27163714
"DeerD01.067079","TP127687","CM008041.1",79825547
"DeerD01.067221","TP127945","CM008041.1",169376818
"DeerD01.067236","TP127971","CM008041.1",148079380
"DeerD01.067306","TP128139","CM008041.1",144362950
"DeerD01.067520","TP128618","CM008041.1",40949386
"DeerD01.067574","TP128738","CM008041.1",33067882
"DeerD01.067737","TP129059","CM008041.1",72488200
"DeerD01.067809","TP129224","CM008041.1",95266748
"DeerD01.067810","TP129225","CM008041.1",32580682
"DeerD01.067997","TP129588","CM008041.1",165861175
"DeerD01.068114","TP129796","CM008041.1",20715380
"DeerD01.068172","TP129915","CM008041.1",24364965
"DeerD01.068194","TP129957","CM008041.1",174543037
"DeerD01.068298","TP130149","CM008041.1",69953489
"DeerD01.068315","TP130183","CM008041.1",91488162
"DeerD01.068379","TP130297","CM008041.1",48338755
"DeerD01.068440","TP130412","CM008041.1",172672849
"DeerD01.068442","TP130421","CM008041.1",11031154
"DeerD01.068546","TP130649","CM008041.1",133133389
"DeerD01.068609","TP130763","CM008041.1",116204768
"DeerD01.068649","TP130842","CM008041.1",110359573
"DeerD01.068655","TP130853","CM008041.1",50186343
"DeerD01.068762","TP131084","CM008041.1",16607390
"DeerD01.068776","TP131108","CM008041.1",44842726
"DeerD01.068841","TP131270","CM008041.1",29146383
"DeerD01.068897","TP131374","CM008041.1",133431309
"DeerD01.068917","TP131418","CM008041.1",152408813
"DeerD01.068964","TP131573","CM008041.1",95745185
"DeerD01.068968","TP131579","CM008041.1",113448553
"DeerD01.069044","TP131707","CM008041.1",176823536
"DeerD01.069109","TP131841","CM008041.1",6635864
"DeerD01.069134","TP131881","CM008041.1",104424780
"DeerD01.069175","TP131954","CM008041.1",5812144
"DeerD01.069215","TP132024","CM008041.1",24221457
"DeerD01.069381","TP132340","CM008041.1",43929651
"DeerD01.069385","TP132345","CM008041.1",166691104
"DeerD01.069459","TP132489","CM008041.1",68079597
"DeerD01.069522","TP132609","CM008041.1",106353688
"DeerD01.069548","TP132651","CM008041.1",45751704
"DeerD01.069572","TP132699","CM008041.1",79825571
"DeerD01.069574","TP132705","CM008041.1",132257861
"DeerD01.069641","TP132821","CM008041.1",171582426
"DeerD01.069671","TP132879","CM008041.1",164320429
"DeerD01.069702","TP132954","CM008041.1",133133521
"DeerD01.069764","TP133067","CM008041.1",130558744
"DeerD01.069800","TP133130","CM008041.1",47039990
"DeerD01.069805","TP133137","CM008041.1",112255076
"DeerD01.069880","TP133278","CM008041.1",132821206
"DeerD01.069936","TP133389","CM008041.1",1181526
"DeerD01.069999","TP133504","CM008041.1",90981469
"DeerD01.070057","TP133631","CM008041.1",26703476
"DeerD01.070082","TP133676","CM008041.1",43198708
"DeerD01.070083","TP133677","CM008041.1",19611868
"DeerD01.070124","TP133750","CM008041.1",61260242
"DeerD01.070153","TP133803","CM008041.1",177574792
"DeerD01.070159","TP133813","CM008041.1",20715364
"DeerD01.070183","TP133866","CM008041.1",44920462
"DeerD01.070264","TP134039","CM008041.1",177428034
"DeerD01.070271","TP134056","CM008041.1",104569559
"DeerD01.070284","TP134078","CM008041.1",42232910
"DeerD01.070336","TP134180","CM008041.1",177173734
"DeerD01.070350","TP134214","CM008041.1",169008085
"DeerD01.070405","TP134328","CM008041.1",130592638
"DeerD01.070426","TP134373","CM008041.1",175629546
"DeerD01.070430","TP134380","CM008041.1",72972415
"DeerD01.070452","TP134420","CM008041.1",176015322
"DeerD01.070504","TP134503","CM008041.1",15775328
"DeerD01.070561","TP134639","CM008041.1",106099961
"DeerD01.070565","TP134644","CM008041.1",117865660
"DeerD01.070566","TP134645","CM008041.1",165378143
"DeerD01.070572","TP134655","CM008041.1",170529549
"DeerD01.070595","TP134698","CM008041.1",121899034
"DeerD01.070658","TP134832","CM008041.1",44026213
"DeerD01.070668","TP134847","CM008041.1",160310045
"DeerD01.070711","TP134939","CM008041.1",132124872
"DeerD01.070715","TP134949","CM008041.1",41366315
"DeerD01.070723","TP134962","CM008041.1",110916690
"DeerD01.070864","TP135257","CM008041.1",92182698
"DeerD01.070908","TP135320","CM008041.1",42905128
"DeerD01.071053","TP135590","CM008041.1",102374858
"DeerD01.071093","TP135659","CM008041.1",70558044
"DeerD01.071107","TP135683","CM008041.1",71424069
"DeerD01.071155","TP135765","CM008041.1",48479974
"DeerD01.071161","TP135782","CM008041.1",19611805
"DeerD01.071171","TP135796","CM008041.1",72170256
"DeerD01.071217","TP135889","CM008041.1",132520546
"DeerD01.071220","TP135895","CM008041.1",24364902
"DeerD01.071228","TP135914","CM008041.1",160952193
"DeerD01.071238","TP135929","CM008041.1",44997583
"DeerD01.071264","TP135979","CM008041.1",61329856
"DeerD01.071268","TP135985","CM008041.1",155931669
"DeerD01.071308","TP136052","CM008041.1",176809897
"DeerD01.071332","TP136097","CM008041.1",177363055
"DeerD01.071333","TP136101","CM008041.1",48754363
"DeerD01.071410","TP136234","CM008041.1",29919408
"DeerD01.071532","TP136455","CM008041.1",16744363
"DeerD01.071553","TP136497","CM008041.1",146035816
"DeerD01.071598","TP136572","CM008041.1",44907624
"DeerD01.071600","TP136575","CM008041.1",125970298
"DeerD01.071632","TP136631","CM008041.1",166517770
"DeerD01.071723","TP136805","CM008041.1",75757132
"DeerD01.071725","TP136808","CM008041.1",131786850
"DeerD01.071782","TP136911","CM008041.1",143580496
"DeerD01.071850","TP137034","CM008041.1",102031090
"DeerD01.071958","TP137241","CM008041.1",169273198
"DeerD01.071995","TP137307","CM008041.1",146095049
"DeerD01.072002","TP137318","CM008041.1",115882101
"DeerD01.072007","TP137328","CM008041.1",31429157
"DeerD01.072044","TP137397","CM008041.1",40932847
"DeerD01.072158","TP137592","CM008041.1",109870287
"DeerD01.072390","TP138010","CM008041.1",67244031
"DeerD01.072456","TP138150","CM008041.1",141940073
"DeerD01.072469","TP138176","CM008041.1",48323266
"DeerD01.072573","TP138350","CM008041.1",41154717
"DeerD01.072616","TP138450","CM008041.1",84507309
"DeerD01.072635","TP138483","CM008041.1",64090512
"DeerD01.072727","TP138665","CM008041.1",151946324
"DeerD01.072746","TP138699","CM008041.1",167910765
"DeerD01.072824","TP138836","CM008041.1",124550223
"DeerD01.072839","TP138864","CM008041.1",178485735
"DeerD01.072843","TP138869","CM008041.1",60712056
"DeerD01.072858","TP138890","CM008041.1",42379460
"DeerD01.072929","TP139026","CM008041.1",43854565
"DeerD01.072940","TP139046","CM008041.1",121943461
"DeerD01.073095","TP139342","CM008041.1",5921044
"DeerD01.073162","TP139481","CM008041.1",149053524
"DeerD01.073166","TP139491","CM008042.1",1120509
"DeerD01.073217","TP139582","CM008041.1",93838064
"DeerD01.073234","TP139619","CM008041.1",103699040
"DeerD01.073272","TP139688","CM008041.1",24257992
"DeerD01.073343","TP139828","CM008041.1",130370502
"DeerD01.073394","TP139934","CM008041.1",21271700
"DeerD01.073431","TP140006","CM008041.1",29592569
"DeerD01.073475","TP140104","CM008041.1",48754381
"DeerD01.073512","TP140177","CM008041.1",76269528
"DeerD01.073517","TP140188","CM008041.1",67085127
"DeerD01.073555","TP140253","CM008041.1",28235717
"DeerD01.073623","TP140379","CM008041.1",96892970
"DeerD01.073664","TP140461","CM008041.1",112255013
"DeerD01.073682","TP140487","CM008041.1",18345688
"DeerD01.073730","TP140572","CM008041.1",48785373
"DeerD01.073781","TP140667","CM008041.1",105786006
"DeerD01.073793","TP140685","CM008041.1",138183580
"DeerD01.073814","TP140723","CM008041.1",40920487
"DeerD01.073828","TP140749","CM008041.1",17861395
"DeerD01.073890","TP140866","CM008041.1",107564044
"DeerD01.073958","TP140999","CM008041.1",206541
"DeerD01.073980","TP141045","CM008041.1",46878652
"DeerD01.073996","TP141073","CM008041.1",140803168
"DeerD01.074029","TP141134","CM008041.1",133108724
"DeerD01.074030","TP141136","CM008041.1",95458931
"DeerD01.074048","TP141165","CM008041.1",159276967
"DeerD01.074064","TP141195","CM008041.1",103429983
"DeerD01.074097","TP141252","CM008041.1",174782636
"DeerD01.074098","TP141253","CM008041.1",175352475
"DeerD01.074099","TP141257","CM008041.1",169416889
"DeerD01.074142","TP141346","CM008041.1",181221111
"DeerD01.074231","TP141522","CM008041.1",175118245
"DeerD01.074238","TP141533","CM008041.1",17329134
"DeerD01.074271","TP141591","CM008041.1",170960699
"DeerD01.074303","TP141649","CM008041.1",24312074
"DeerD01.074304","TP141651","CM008041.1",21573647
"DeerD01.074348","TP141738","CM008041.1",55811478
"DeerD01.074358","TP141763","CM008041.1",85820023
"DeerD01.074383","TP141814","CM008041.1",177173671
"DeerD01.074454","TP141928","CM008041.1",51738234
"DeerD01.074593","TP142233","CM008041.1",175860023
"DeerD01.074606","TP142257","CM008041.1",55849287
"DeerD01.074691","TP142417","CM008041.1",38511671
"DeerD01.074777","TP142587","CM008041.1",145143431
