"tagpair","chrom","pos"
"TP100000","CM008041.1",123928493
"TP100083","CM008041.1",122635978
"TP100155","CM008041.1",74776387
"TP100238","CM008041.1",77850885
"TP100284","CM008041.1",102374631
"TP100301","CM008041.1",159216329
"TP100321","CM008041.1",60436241
"TP100327","CM008041.1",175486859
"TP100337","CM008041.1",110559799
"TP100533","CM008041.1",93305184
"TP100649","CM008041.1",33688386
"TP100868","CM008041.1",6143050
"TP100946","CM008041.1",47627199
"TP101211","CM008041.1",39975221
"TP101248","CM008041.1",69681124
"TP101288","CM008041.1",70261671
"TP101563","CM008041.1",178826796
"TP10170","CM008041.1",6334359
"TP101804","CM008041.1",176465276
"TP101861","CM008041.1",42830125
"TP101969","CM008041.1",42857100
"TP10210","CM008041.1",162086782
"TP102522","CM008041.1",24679665
"TP102527","CM008041.1",144570693
"TP102575","CM008041.1",103276357
"TP102615","CM008041.1",47575118
"TP102630","CM008041.1",33067974
"TP102689","CM008041.1",159216392
"TP102705","CM008041.1",175449534
"TP102763","CM008041.1",159231219
"TP102884","CM008041.1",111337593
"TP102992","CM008041.1",6140815
"TP103002","CM008041.1",73517126
"TP103060","CM008041.1",47137537
"TP103265","CM008041.1",38894542
"TP103507","CM008041.1",131077845
"TP103534","CM008041.1",180662638
"TP103539","CM008041.1",70261603
"TP103579","CM008041.1",131766081
"TP103696","CM008041.1",98303426
"TP103899","CM008041.1",123827227
"TP103919","CM008041.1",10207096
"TP103972","CM008041.1",23008845
"TP103982","CM008041.1",45033713
"TP104133","CM008041.1",5239499
"TP104138","CM008041.1",132257871
"TP104167","CM008041.1",17415574
"TP104226","CM008041.1",17798338
"TP104328","CM008041.1",171473841
"TP104344","CM008041.1",150445745
"TP104480","CM008041.1",83242759
"TP104501","CM008041.1",59659856
"TP104701","CM008041.1",41812111
"TP10476","CM008041.1",161265424
"TP10478","CM008041.1",48050035
"TP104810","CM008041.1",134112167
"TP104885","CM008041.1",168686412
"TP105028","CM008041.1",162539199
"TP105164","CM008041.1",63680504
"TP105184","CM008041.1",178616032
"TP105256","CM008041.1",48785419
"TP105435","CM008041.1",9546393
"TP105541","CM008041.1",130080418
"TP10565","CM008041.1",52908156
"TP10566","CM008041.1",170134525
"TP105913","CM008041.1",39791577
"TP105916","CM008041.1",117885468
"TP105943","CM008041.1",180684149
"TP106314","CM008041.1",167758510
"TP106315","CM008041.1",135095765
"TP106351","CM008041.1",173605301
"TP106362","CM008041.1",159348224
"TP106372","CM008041.1",165604114
"TP106460","CM008041.1",124495697
"TP106582","CM008041.1",178160253
"TP106678","CM008041.1",98160999
"TP106828","CM008041.1",143795305
"TP106975","CM008041.1",11197246
"TP106976","CM008041.1",33067975
"TP107003","CM008041.1",1753937
"TP107004","CM008041.1",54490413
"TP107072","CM008041.1",132520607
"TP107079","CM008041.1",63780145
"TP107420","CM008041.1",98160286
"TP107446","CM008041.1",75908155
"TP107451","CM008041.1",3455055
"TP107496","CM008041.1",65100333
"TP107536","CM008041.1",48971364
"TP107971","CM008041.1",175118308
"TP10804","CM008041.1",48426351
"TP108068","CM008041.1",47568422
"TP108554","CM008041.1",14676581
"TP108564","CM008041.1",26703532
"TP108761","CM008041.1",94621709
"TP108836","CM008041.1",149902838
"TP108865","CM008041.1",88954518
"TP109049","CM008041.1",26302991
"TP109134","CM008041.1",48729213
"TP109203","CM008041.1",174543015
"TP109348","CM008041.1",60017014
"TP109363","CM008041.1",116876602
"TP10940","CM008041.1",153299451
"TP109460","CM008041.1",174674694
"TP109486","CM008041.1",45619391
"TP109546","CM008041.1",129239886
"TP109587","CM008041.1",171793854
"TP109614","CM008041.1",90981406
"TP109628","CM008041.1",148825030
"TP10978","CM008041.1",176554977
"TP109941","CM008041.1",131802010
"TP10996","CM008041.1",158566616
"TP11006","CM008041.1",10111238
"TP110109","CM008041.1",72881933
"TP110141","CM008041.1",127698185
"TP110187","CM008041.1",72170193
"TP110274","CM008041.1",180606188
"TP110296","CM008041.1",135126648
"TP110302","CM008041.1",79739389
"TP110390","CM008041.1",79725102
"TP110427","CM008041.1",168226821
"TP110846","CM008041.1",48971362
"TP110876","CM008041.1",108417244
"TP110881","CM008041.1",120596821
"TP110990","CM008041.1",121660344
"TP111071","CM008041.1",45948955
"TP111081","CM008041.1",111968272
"TP111139","CM008041.1",106600087
"TP111155","CM008041.1",35540860
"TP111248","CM008041.1",131990557
"TP11128","CM008041.1",102104086
"TP111346","CM008041.1",63928367
"TP111391","CM008041.1",43854502
"TP111517","CM008041.1",131700463
"TP111540","CM008041.1",175033062
"TP111764","CM008041.1",176022221
"TP111925","CM008041.1",15966452
"TP111941","CM008041.1",162435985
"TP111974","CM008041.1",82449449
"TP111982","CM008041.1",30174666
"TP112053","CM008041.1",136983735
"TP112152","CM008041.1",30595992
"TP112156","CM008041.1",17485567
"TP112261","CM008041.1",28797563
"TP112284","CM008041.1",45104925
"TP112320","CM008041.1",160184579
"TP112548","CM008041.1",167910749
"TP112564","CM008041.1",5239436
"TP112668","CM008041.1",164375755
"TP112697","CM008041.1",98160857
"TP112860","CM008041.1",24457477
"TP113112","CM008041.1",168428340
"TP113336","CM008041.1",176877689
"TP113353","CM008041.1",176985394
"TP113414","CM008041.1",109855147
"TP113589","CM008041.1",54458777
"TP113599","CM008041.1",43850552
"TP113690","CM008041.1",120170211
"TP113790","CM008041.1",109235606
"TP113950","CM008041.1",176745519
"TP114056","CM008041.1",30174729
"TP114073","CM008041.1",28797626
"TP114129","CM008041.1",39569704
"TP114160","CM008041.1",164143701
"TP11435","CM008041.1",22975376
"TP114413","CM008041.1",1181574
"TP114487","CM008041.1",26826467
"TP114611","CM008041.1",99936136
"TP114627","CM008041.1",120314256
"TP114650","CM008041.1",178289762
"TP114723","CM008041.1",55979533
"TP114784","CM008041.1",4941711
"TP114807","CM008041.1",71424022
"TP114845","CM008041.1",159822431
"TP114862","CM008041.1",157302453
"TP114899","CM008041.1",37728367
"TP114927","CM008041.1",13951577
"TP11498","CM008041.1",26704905
"TP115027","CM008041.1",139875352
"TP115095","CM008041.1",133133458
"TP115105","CM008041.1",162983423
"TP115174","CM008041.1",34940698
"TP115243","CM008041.1",168017056
"TP115261","CM008041.1",63251439
"TP115272","CM008041.1",26302914
"TP115526","CM008041.1",72392931
"TP115579","CM008041.1",150495539
"TP11566","CM008041.1",44907561
"TP115703","CM008041.1",92121018
"TP115741","CM008041.1",127622248
"TP115755","CM008041.1",129102744
"TP115795","CM008041.1",27054570
"TP116059","CM008041.1",27713659
"TP116062","CM008041.1",165471889
"TP116152","CM008041.1",170182480
"TP116225","CM008041.1",168528547
"TP116260","CM008041.1",177398642
"TP116279","CM008041.1",66578133
"TP116383","CM008041.1",69680979
"TP116430","CM008041.1",176465337
"TP116584","CM008041.1",18918890
"TP116592","CM008041.1",162403823
"TP116626","CM008041.1",170144989
"TP116732","CM008041.1",29190659
"TP116744","CM008041.1",74331018
"TP116803","CM008041.1",59994170
"TP116809","CM008041.1",27389993
"TP116828","CM008041.1",33100359
"TP116928","CM008041.1",57664276
"TP117196","CM008041.1",89500815
"TP11722","CM008041.1",109433928
"TP117382","CM008041.1",137639446
"TP117457","CM008041.1",148824967
"TP117494","CM008041.1",45845643
"TP117515","CM008041.1",137165118
"TP117557","CM008041.1",61260305
"TP117574","CM008041.1",179327856
"TP117629","CM008041.1",12800888
"TP117653","CM008041.1",46291554
"TP117741","CM008041.1",134112104
"TP117858","CM008041.1",21827330
"TP117859","CM008041.1",172120382
"TP117901","CM008041.1",33717869
"TP118021","CM008041.1",161060302
"TP118079","CM008041.1",48568821
"TP11823","CM008041.1",2950561
"TP118324","CM008041.1",74776450
"TP118513","CM008041.1",98300760
"TP118580","CM008041.1",6140749
"TP118610","CM008041.1",99852261
"TP118623","CM008041.1",67205172
"TP118633","CM008041.1",150532052
"TP11873","CM008041.1",165836313
"TP118753","CM008041.1",180662643
"TP118945","CM008041.1",60712093
"TP118967","CM008041.1",6576297
"TP118975","CM008041.1",34857092
"TP11898","CM008041.1",35540801
"TP118988","CM008041.1",176022193
"TP119107","CM008041.1",76578593
"TP119145","CM008041.1",177713520
"TP119146","CM008041.1",177713517
"TP119227","CM008041.1",26826488
"TP119277","CM008041.1",157345108
"TP11934","CM008041.1",109870224
"TP119410","CM008041.1",159809924
"TP119720","CM008041.1",65389238
"TP119885","CM008041.1",98160347
"TP120030","CM008041.1",107615091
"TP120041","CM008041.1",52036527
"TP120074","CM008041.1",167927206
"TP12023","CM008041.1",63306176
"TP12029","CM008041.1",41896426
"TP120320","CM008041.1",88889768
"TP120392","CM008041.1",162403788
"TP120433","CM008041.1",174683521
"TP120444","CM008041.1",86091775
"TP120470","CM008041.1",150445762
"TP120583","CM008041.1",144525036
"TP120609","CM008041.1",57874773
"TP120745","CM008041.1",148298525
"TP120839","CM008041.1",40534921
"TP120957","CM008041.1",7061041
"TP121045","CM008041.1",114191135
"TP121054","CM008041.1",181377255
"TP121060","CM008041.1",173678302
"TP121064","CM008041.1",107873372
"TP121099","CM008041.1",118632687
"TP121120","CM008041.1",72498981
"TP121205","CM008041.1",18982773
"TP12130","CM008041.1",93953325
"TP121738","CM008041.1",170068442
"TP121810","CM008041.1",107456719
"TP12187","CM008041.1",47669077
"TP121970","CM008041.1",164319796
"TP121981","CM008041.1",108244469
"TP122012","CM008041.1",35809978
"TP122067","CM008041.1",117885531
"TP122102","CM008041.1",148876393
"TP122141","CM008041.1",68021765
"TP122310","CM008041.1",157196287
"TP122451","CM008041.1",24104877
"TP122476","CM008041.1",1214326
"TP122538","CM008041.1",166387086
"TP122663","CM008041.1",170960636
"TP122706","CM008041.1",94915033
"TP122731","CM008041.1",105786069
"TP122927","CM008041.1",60411811
"TP122960","CM008041.1",109269886
"TP122979","CM008041.1",163960497
"TP122996","CM008041.1",26034724
"TP123139","CM008041.1",159192288
"TP123155","CM008041.1",82418046
"TP123338","CM008041.1",3021243
"TP123493","CM008041.1",6635941
"TP123600","CM008041.1",175112336
"TP123887","CM008041.1",26600528
"TP123942","CM008041.1",89469032
"TP124124","CM008041.1",30319112
"TP124269","CM008041.1",29409057
"TP124510","CM008041.1",132430472
"TP124589","CM008041.1",176228629
"TP124624","CM008041.1",50866214
"TP124733","CM008041.1",158607044
"TP124792","CM008041.1",175513032
"TP124803","CM008041.1",40234000
"TP124831","CM008041.1",175112273
"TP125024","CM008041.1",56901269
"TP125029","CM008041.1",42773040
"TP125108","CM008041.1",50388572
"TP1252","CM008041.1",23411093
"TP12523","CM008041.1",175116434
"TP125306","CM008041.1",38764126
"TP125497","CM008041.1",170182543
"TP125505","CM008041.1",118793441
"TP125512","CM008041.1",30733537
"TP125576","CM008041.1",46291491
"TP125800","CM008041.1",163597935
"TP126044","CM008041.1",141015805
"TP126052","CM008041.1",41154700
"TP126275","CM008041.1",41915530
"TP126536","CM008041.1",79568632
"TP126718","CM008041.1",77656168
"TP126725","CM008041.1",83753283
"TP126743","CM008041.1",104883153
"TP126770","CM008041.1",53646189
"TP127169","CM008041.1",83202265
"TP127272","CM008041.1",20508732
"TP127363","CM008041.1",76645110
"TP127492","CM008041.1",175089903
"TP127656","CM008041.1",27163714
"TP127687","CM008041.1",79825547
"TP127945","CM008041.1",169376818
"TP127971","CM008041.1",148079380
"TP128139","CM008041.1",144362950
"TP128618","CM008041.1",40949386
"TP128738","CM008041.1",33067882
"TP129059","CM008041.1",72488200
"TP129224","CM008041.1",95266748
"TP129225","CM008041.1",32580682
"TP12938","CM008041.1",181295137
"TP129588","CM008041.1",165861175
"TP129796","CM008041.1",20715380
"TP129915","CM008041.1",24364965
"TP129957","CM008041.1",174543037
"TP130149","CM008041.1",69953489
"TP130183","CM008041.1",91488162
"TP130297","CM008041.1",48338755
"TP130412","CM008041.1",172672849
"TP130421","CM008041.1",11031154
"TP130649","CM008041.1",133133389
"TP130763","CM008041.1",116204768
"TP130842","CM008041.1",110359573
"TP130853","CM008041.1",50186343
"TP13089","CM008041.1",48109431
"TP131084","CM008041.1",16607390
"TP131108","CM008041.1",44842726
"TP13111","CM008041.1",29592555
"TP131270","CM008041.1",29146383
"TP131374","CM008041.1",133431309
"TP131418","CM008041.1",152408813
"TP131573","CM008041.1",95745185
"TP131579","CM008041.1",113448553
"TP131707","CM008041.1",176823536
"TP131841","CM008041.1",6635864
"TP131881","CM008041.1",104424780
"TP131954","CM008041.1",5812144
"TP132024","CM008041.1",24221457
"TP132340","CM008041.1",43929651
"TP132345","CM008041.1",166691104
"TP132489","CM008041.1",68079597
"TP132609","CM008041.1",106353688
"TP132651","CM008041.1",45751704
"TP132699","CM008041.1",79825571
"TP132705","CM008041.1",132257861
"TP132821","CM008041.1",171582426
"TP132879","CM008041.1",164320429
"TP132954","CM008041.1",133133521
"TP133067","CM008041.1",130558744
"TP133130","CM008041.1",47039990
"TP133137","CM008041.1",112255076
"TP133278","CM008041.1",132821206
"TP133389","CM008041.1",1181526
"TP133504","CM008041.1",90981469
"TP133631","CM008041.1",26703476
"TP133676","CM008041.1",43198708
"TP133677","CM008041.1",19611868
"TP133750","CM008041.1",61260242
"TP133803","CM008041.1",177574792
"TP133813","CM008041.1",20715364
"TP133866","CM008041.1",44920462
"TP134039","CM008041.1",177428034
"TP134056","CM008041.1",104569559
"TP134078","CM008041.1",42232910
"TP134180","CM008041.1",177173734
"TP134214","CM008041.1",169008085
"TP134328","CM008041.1",130592638
"TP134373","CM008041.1",175629546
"TP134380","CM008041.1",72972415
"TP134420","CM008041.1",176015322
"TP134503","CM008041.1",15775328
"TP134639","CM008041.1",106099961
"TP134644","CM008041.1",117865660
"TP134645","CM008041.1",165378143
"TP134655","CM008041.1",170529549
"TP134698","CM008041.1",121899034
"TP134832","CM008041.1",44026213
"TP134847","CM008041.1",160310045
"TP134939","CM008041.1",132124872
"TP134949","CM008041.1",41366315
"TP134962","CM008041.1",110916690
"TP135257","CM008041.1",92182698
"TP135320","CM008041.1",42905128
"TP135590","CM008041.1",102374858
"TP135659","CM008041.1",70558044
"TP135683","CM008041.1",71424069
"TP135765","CM008041.1",48479974
"TP135782","CM008041.1",19611805
"TP135796","CM008041.1",72170256
"TP135889","CM008041.1",132520546
"TP135895","CM008041.1",24364902
"TP135914","CM008041.1",160952193
"TP135929","CM008041.1",44997583
"TP135979","CM008041.1",61329856
"TP135985","CM008041.1",155931669
"TP136052","CM008041.1",176809897
"TP136097","CM008041.1",177363055
"TP136101","CM008041.1",48754363
"TP136234","CM008041.1",29919408
"TP1364","CM008041.1",102535965
"TP136455","CM008041.1",16744363
"TP136497","CM008041.1",146035816
"TP136572","CM008041.1",44907624
"TP136575","CM008041.1",125970298
"TP136631","CM008041.1",166517770
"TP13667","CM008041.1",68079630
"TP136805","CM008041.1",75757132
"TP136808","CM008041.1",131786850
"TP136911","CM008041.1",143580496
"TP137034","CM008041.1",102031090
"TP137241","CM008041.1",169273198
"TP137307","CM008041.1",146095049
"TP137318","CM008041.1",115882101
"TP137328","CM008041.1",31429157
"TP137397","CM008041.1",40932847
"TP137592","CM008041.1",109870287
"TP138010","CM008041.1",67244031
"TP138150","CM008041.1",141940073
"TP138176","CM008041.1",48323266
"TP138350","CM008041.1",41154717
"TP138450","CM008041.1",84507309
"TP138483","CM008041.1",64090512
"TP138665","CM008041.1",151946324
"TP138699","CM008041.1",167910765
"TP138836","CM008041.1",124550223
"TP138864","CM008041.1",178485735
"TP138869","CM008041.1",60712056
"TP138890","CM008041.1",42379460
"TP139026","CM008041.1",43854565
"TP139046","CM008041.1",121943461
"TP139342","CM008041.1",5921044
"TP139481","CM008041.1",149053524
"TP139582","CM008041.1",93838064
"TP139619","CM008041.1",103699040
"TP139688","CM008041.1",24257992
"TP139828","CM008041.1",130370502
"TP139934","CM008041.1",21271700
"TP140006","CM008041.1",29592569
"TP140104","CM008041.1",48754381
"TP140177","CM008041.1",76269528
"TP140188","CM008041.1",67085127
"TP140253","CM008041.1",28235717
"TP140379","CM008041.1",96892970
"TP140461","CM008041.1",112255013
"TP140487","CM008041.1",18345688
"TP1405","CM008041.1",114357816
"TP140572","CM008041.1",48785373
"TP140667","CM008041.1",105786006
"TP140685","CM008041.1",138183580
"TP140723","CM008041.1",40920487
"TP140749","CM008041.1",17861395
"TP140866","CM008041.1",107564044
"TP140999","CM008041.1",206541
"TP141045","CM008041.1",46878652
"TP141073","CM008041.1",140803168
"TP141134","CM008041.1",133108724
"TP141136","CM008041.1",95458931
"TP141165","CM008041.1",159276967
"TP141195","CM008041.1",103429983
"TP141252","CM008041.1",174782636
"TP141253","CM008041.1",175352475
"TP141257","CM008041.1",169416889
"TP141346","CM008041.1",181221111
"TP141522","CM008041.1",175118245
"TP141533","CM008041.1",17329134
"TP141591","CM008041.1",170960699
"TP14161","CM008041.1",95125665
"TP141649","CM008041.1",24312074
"TP141651","CM008041.1",21573647
"TP141738","CM008041.1",55811478
"TP141763","CM008041.1",85820023
"TP141814","CM008041.1",177173671
"TP141928","CM008041.1",51738234
"TP14196","CM008041.1",153126651
"TP142233","CM008041.1",175860023
"TP142257","CM008041.1",55849287
"TP142417","CM008041.1",38511671
"TP142587","CM008041.1",145143431
"TP1436","CM008041.1",168226797
"TP14409","CM008041.1",162539136
"TP14431","CM008041.1",131700400
"TP14674","CM008041.1",175334190
"TP14795","CM008041.1",176975482
"TP14841","CM008041.1",51752406
"TP14922","CM008041.1",101279521
"TP15133","CM008041.1",126561119
"TP15300","CM008041.1",143396605
"TP1531","CM008041.1",19008046
"TP15507","CM008041.1",6814345
"TP15512","CM008041.1",144038130
"TP15604","CM008041.1",130563556
"TP15614","CM008041.1",27655002
"TP15633","CM008041.1",106723437
"TP15747","CM008041.1",5476136
"TP15891","CM008041.1",159954715
"TP16154","CM008041.1",100088314
"TP16181","CM008041.1",116081945
"TP16210","CM008041.1",48729276
"TP16241","CM008041.1",83397611
"TP16296","CM008041.1",175513123
"TP16641","CM008041.1",76061380
"TP1670","CM008041.1",37361734
"TP16754","CM008041.1",168954404
"TP16908","CM008041.1",159611033
"TP17073","CM008041.1",118632696
"TP17142","CM008041.1",180245909
"TP17266","CM008041.1",32792951
"TP17487","CM008041.1",133784769
"TP17541","CM008041.1",124913889
"TP1762","CM008041.1",94349997
"TP17661","CM008041.1",165861238
"TP17712","CM008041.1",86611443
"TP17777","CM008041.1",89033448
"TP17832","CM008041.1",18470839
"TP17964","CM008041.1",67243968
"TP1808","CM008041.1",49013877
"TP1824","CM008041.1",21779626
"TP18726","CM008041.1",176810069
"TP18904","CM008041.1",104235395
"TP18966","CM008041.1",131801957
"TP18996","CM008041.1",176666171
"TP191","CM008041.1",5920981
"TP19152","CM008041.1",155690036
"TP19317","CM008041.1",130538422
"TP19547","CM008041.1",104424843
"TP1970","CM008041.1",142030657
"TP19765","CM008041.1",165326693
"TP20270","CM008041.1",179542543
"TP20377","CM008041.1",63075898
"TP20718","CM008041.1",144521397
"TP20861","CM008041.1",132821232
"TP20894","CM008041.1",169754559
"TP2105","CM008041.1",176665139
"TP21095","CM008041.1",153072360
"TP21187","CM008041.1",18798323
"TP212","CM008041.1",61372021
"TP21244","CM008041.1",170035013
"TP21403","CM008041.1",109598395
"TP21497","CM008041.1",171582351
"TP21671","CM008041.1",5454899
"TP21779","CM008041.1",86881303
"TP21923","CM008041.1",41447381
"TP2206","CM008041.1",9585190
"TP22178","CM008041.1",119267296
"TP22235","CM008041.1",70851172
"TP22696","CM008041.1",35821325
"TP22749","CM008041.1",129239833
"TP22781","CM008041.1",38511734
"TP22960","CM008041.1",104177184
"TP22994","CM008041.1",153126765
"TP23162","CM008041.1",132586010
"TP23175","CM008041.1",121095241
"TP23333","CM008041.1",77081892
"TP23335","CM008041.1",51738297
"TP2343","CM008041.1",125403134
"TP23565","CM008041.1",104177121
"TP23634","CM008041.1",95520960
"TP2370","CM008041.1",71062509
"TP23863","CM008041.1",38764189
"TP23880","CM008041.1",119933454
"TP23979","CM008041.1",73720665
"TP23992","CM008041.1",154718675
"TP24099","CM008041.1",77245746
"TP2412","CM008041.1",68330459
"TP24123","CM008041.1",21779549
"TP24216","CM008041.1",144089823
"TP24344","CM008041.1",114402536
"TP24654","CM008041.1",4405394
"TP2466","CM008041.1",152508999
"TP2481","CM008041.1",109433991
"TP25061","CM008041.1",181295043
"TP25065","CM008041.1",174687745
"TP25098","CM008041.1",68663819
"TP25442","CM008041.1",168915389
"TP25523","CM008041.1",161997382
"TP2561","CM008041.1",146534931
"TP2626","CM008041.1",31040993
"TP2634","CM008041.1",55979610
"TP26463","CM008041.1",169632325
"TP26650","CM008041.1",34384740
"TP26800","CM008041.1",39405676
"TP271","CM008041.1",122885715
"TP27270","CM008041.1",112037343
"TP27299","CM008041.1",89460789
"TP27573","CM008041.1",107176860
"TP27641","CM008041.1",59084370
"TP2774","CM008041.1",24221443
"TP27839","CM008041.1",149744611
"TP27982","CM008041.1",5721015
"TP28104","CM008041.1",148298540
"TP28229","CM008041.1",125239924
"TP2842","CM008041.1",157302431
"TP28518","CM008041.1",144191152
"TP2870","CM008041.1",148079443
"TP28737","CM008041.1",132579746
"TP28865","CM008041.1",163669556
"TP28890","CM008041.1",26354366
"TP28944","CM008041.1",48111625
"TP28958","CM008041.1",125933262
"TP2924","CM008041.1",37504697
"TP29493","CM008041.1",160233496
"TP29540","CM008041.1",19607525
"TP29621","CM008041.1",159913360
"TP29780","CM008041.1",162853815
"TP2984","CM008041.1",41555561
"TP29909","CM008041.1",61552134
"TP29921","CM008041.1",122635915
"TP29947","CM008041.1",131786787
"TP30170","CM008041.1",140662428
"TP30327","CM008041.1",1893923
"TP30354","CM008041.1",131641016
"TP30567","CM008041.1",110303284
"TP3071","CM008041.1",42814594
"TP30743","CM008041.1",54247145
"TP30814","CM008041.1",156773567
"TP30959","CM008041.1",61630846
"TP31328","CM008041.1",36823524
"TP31399","CM008041.1",2000637
"TP31491","CM008041.1",110916627
"TP31498","CM008041.1",173948378
"TP31790","CM008041.1",167927143
"TP31801","CM008041.1",61329919
"TP31958","CM008041.1",165956743
"TP31983","CM008041.1",48323245
"TP32146","CM008041.1",112522854
"TP32270","CM008041.1",48741206
"TP32344","CM008041.1",176228772
"TP32496","CM008041.1",167882949
"TP32650","CM008041.1",63780125
"TP32792","CM008041.1",86881366
"TP32884","CM008041.1",116082008
"TP32977","CM008041.1",148288692
"TP33018","CM008041.1",60436236
"TP33035","CM008041.1",175032999
"TP33097","CM008041.1",166226430
"TP33156","CM008041.1",148108407
"TP332","CM008041.1",158566553
"TP33241","CM008041.1",108280326
"TP3329","CM008041.1",130104116
"TP33299","CM008041.1",177949671
"TP33477","CM008041.1",179639064
"TP33597","CM008041.1",46878606
"TP33628","CM008041.1",45625524
"TP33775","CM008041.1",76960055
"TP33841","CM008041.1",87115741
"TP33852","CM008041.1",144570684
"TP33989","CM008041.1",177574782
"TP34178","CM008041.1",178623969
"TP34403","CM008041.1",75010516
"TP34460","CM008041.1",69299568
"TP3455","CM008041.1",161002379
"TP3471","CM008041.1",144929974
"TP34836","CM008041.1",19433031
"TP35006","CM008041.1",64569655
"TP35034","CM008041.1",43820936
"TP35051","CM008041.1",161997410
"TP35221","CM008041.1",124686104
"TP35331","CM008041.1",177398579
"TP3537","CM008041.1",169376133
"TP35487","CM008041.1",169839849
"TP35540","CM008041.1",168216629
"TP35891","CM008041.1",159913358
"TP35993","CM008041.1",78137806
"TP36091","CM008041.1",175118191
"TP36111","CM008041.1",102102900
"TP36170","CM008041.1",141148095
"TP36233","CM008041.1",49020944
"TP36249","CM008041.1",111877369
"TP36295","CM008041.1",105216610
"TP36305","CM008041.1",130665493
"TP36369","CM008041.1",111158433
"TP36393","CM008041.1",77779534
"TP36439","CM008041.1",162378373
"TP36620","CM008041.1",136931152
"TP36651","CM008041.1",77489901
"TP36723","CM008041.1",46438407
"TP36730","CM008041.1",102388180
"TP36778","CM008041.1",85820031
"TP36992","CM008041.1",48741503
"TP37433","CM008041.1",150503871
"TP37736","CM008041.1",168915449
"TP37764","CM008041.1",42272737
"TP37785","CM008041.1",100637791
"TP37839","CM008041.1",146534856
"TP37844","CM008041.1",175566846
"TP38432","CM008041.1",115403810
"TP3876","CM008041.1",50388509
"TP38913","CM008041.1",180219735
"TP38957","CM008041.1",156480791
"TP38990","CM008041.1",48109463
"TP39090","CM008041.1",21573710
"TP39141","CM008041.1",134163019
"TP3926","CM008041.1",123095092
"TP39281","CM008041.1",102036115
"TP39649","CM008041.1",134608838
"TP3965","CM008041.1",113051882
"TP39810","CM008041.1",59660168
"TP39821","CM008041.1",124951010
"TP3983","CM008041.1",162787513
"TP39995","CM008041.1",174459878
"TP40052","CM008041.1",6803094
"TP4023","CM008041.1",39136502
"TP40230","CM008041.1",143795116
"TP40320","CM008041.1",32580745
"TP40375","CM008041.1",206490
"TP40385","CM008041.1",174948408
"TP40468","CM008041.1",70724098
"TP40494","CM008041.1",132124879
"TP40542","CM008041.1",17626681
"TP40593","CM008041.1",180887484
"TP40800","CM008041.1",144362887
"TP41007","CM008041.1",37982742
"TP41048","CM008041.1",178675417
"TP41114","CM008041.1",44947682
"TP41242","CM008041.1",120314107
"TP4130","CM008041.1",18205304
"TP41355","CM008041.1",159789809
"TP41411","CM008041.1",51970247
"TP41605","CM008041.1",159636836
"TP41713","CM008041.1",149343317
"TP41755","CM008041.1",159192243
"TP4181","CM008041.1",17329119
"TP41817","CM008041.1",122638966
"TP41834","CM008041.1",69753683
"TP41853","CM008041.1",133776387
"TP41903","CM008041.1",111177439
"TP41910","CM008041.1",26320695
"TP41926","CM008041.1",24233181
"TP41975","CM008041.1",133068877
"TP42062","CM008041.1",60346672
"TP42142","CM008041.1",161320833
"TP42258","CM008041.1",166034328
"TP42286","CM008041.1",26302977
"TP42379","CM008041.1",159348161
"TP4240","CM008041.1",145594305
"TP42424","CM008041.1",122244890
"TP42520","CM008041.1",35193962
"TP42525","CM008041.1",120846234
"TP4300","CM008041.1",176239261
"TP43046","CM008041.1",2264397
"TP43103","CM008041.1",159611045
"TP43114","CM008041.1",98161098
"TP43127","CM008041.1",159594472
"TP43139","CM008041.1",113879379
"TP43198","CM008041.1",18170214
"TP43504","CM008041.1",178453285
"TP43586","CM008041.1",62876960
"TP43639","CM008041.1",27800534
"TP43683","CM008041.1",132430409
"TP43802","CM008041.1",8981998
"TP43875","CM008041.1",16875221
"TP4394","CM008041.1",40826411
"TP44046","CM008041.1",111057878
"TP44085","CM008041.1",76315218
"TP44155","CM008041.1",67428684
"TP4416","CM008041.1",68663605
"TP44188","CM008041.1",176317874
"TP44267","CM008041.1",42830264
"TP44463","CM008041.1",45033592
"TP4449","CM008041.1",67314070
"TP44719","CM008041.1",145143314
"TP44722","CM008041.1",41154437
"TP44759","CM008041.1",12551620
"TP44844","CM008041.1",3983212
"TP44899","CM008041.1",108417307
"TP45110","CM008041.1",44520267
"TP4524","CM008041.1",131402561
"TP45347","CM008041.1",102535902
"TP45389","CM008041.1",109868977
"TP45618","CM008041.1",133517258
"TP45703","CM008041.1",41106105
"TP45733","CM008041.1",118377363
"TP45939","CM008041.1",20508730
"TP46022","CM008041.1",19643767
"TP46162","CM008041.1",176997097
"TP46204","CM008041.1",10348438
"TP46218","CM008041.1",177744778
"TP46276","CM008041.1",129501471
"TP46389","CM008041.1",135190353
"TP46420","CM008041.1",168017191
"TP46436","CM008041.1",140103653
"TP46443","CM008041.1",66177130
"TP46820","CM008041.1",106655265
"TP46873","CM008041.1",115138902
"TP46983","CM008041.1",5720952
"TP47187","CM008041.1",48400256
"TP47319","CM008041.1",45625535
"TP47334","CM008041.1",80497402
"TP47455","CM008041.1",177911446
"TP47522","CM008041.1",176317768
"TP47531","CM008041.1",133967534
"TP47588","CM008041.1",44947747
"TP47928","CM008041.1",17861392
"TP47957","CM008041.1",101144919
"TP481","CM008041.1",167305166
"TP48789","CM008041.1",180124743
"TP48801","CM008041.1",179192025
"TP48898","CM008041.1",177314754
"TP49254","CM008041.1",25820071
"TP49404","CM008041.1",130887570
"TP49415","CM008041.1",169377214
"TP49418","CM008041.1",76298684
"TP49490","CM008041.1",176101316
"TP49710","CM008041.1",113879339
"TP49743","CM008041.1",125160912
"TP49814","CM008041.1",157705233
"TP49862","CM008041.1",69953477
"TP49867","CM008041.1",4565103
"TP50117","CM008041.1",103713410
"TP50246","CM008041.1",174685152
"TP50568","CM008041.1",132092572
"TP50784","CM008041.1",45104862
"TP50805","CM008041.1",125502234
"TP5129","CM008041.1",41366464
"TP51419","CM008041.1",131766074
"TP51481","CM008041.1",41571423
"TP51548","CM008041.1",174687808
"TP5173","CM008041.1",178682305
"TP51735","CM008041.1",180300334
"TP51803","CM008041.1",176101398
"TP51819","CM008041.1",126657128
"TP51913","CM008041.1",108607427
"TP51972","CM008041.1",70095093
"TP51990","CM008041.1",46404425
"TP52032","CM008041.1",73761917
"TP52165","CM008041.1",29339524
"TP52235","CM008041.1",152551524
"TP52346","CM008041.1",180446001
"TP52348","CM008041.1",180445800
"TP52362","CM008041.1",118451664
"TP52667","CM008041.1",114682697
"TP52679","CM008041.1",153126702
"TP52718","CM008041.1",106099952
"TP52970","CM008041.1",108390221
"TP53061","CM008041.1",155060002
"TP5319","CM008041.1",134469270
"TP53258","CM008041.1",1604760
"TP5326","CM008041.1",47038004
"TP53426","CM008041.1",65099709
"TP53515","CM008041.1",131119092
"TP53610","CM008041.1",9598719
"TP53716","CM008041.1",130538485
"TP53864","CM008041.1",100502863
"TP54265","CM008041.1",131490164
"TP54540","CM008041.1",18170151
"TP54546","CM008041.1",130558700
"TP54740","CM008041.1",149902901
"TP54828","CM008041.1",170529612
"TP54960","CM008041.1",175335486
"TP55090","CM008041.1",128732354
"TP55094","CM008041.1",111339860
"TP55108","CM008041.1",126657065
"TP55252","CM008041.1",43823888
"TP55277","CM008041.1",169762834
"TP55317","CM008041.1",94465581
"TP5533","CM008041.1",48440892
"TP55336","CM008041.1",162453274
"TP55454","CM008041.1",68663607
"TP55726","CM008041.1",125972949
"TP56131","CM008041.1",121869566
"TP56499","CM008041.1",68663756
"TP56613","CM008041.1",114920727
"TP56626","CM008041.1",96636914
"TP5664","CM008041.1",153299380
"TP56690","CM008041.1",181006309
"TP56737","CM008041.1",153126588
"TP56818","CM008041.1",24640497
"TP56884","CM008041.1",172124981
"TP56979","CM008041.1",37388330
"TP5755","CM008041.1",157632216
"TP5757","CM008041.1",103890521
"TP5774","CM008041.1",121967784
"TP57903","CM008041.1",162506516
"TP58080","CM008041.1",40445539
"TP58100","CM008041.1",130843863
"TP58255","CM008041.1",123209052
"TP58378","CM008041.1",56618019
"TP58453","CM008041.1",5320972
"TP58475","CM008041.1",172413260
"TP5848","CM008041.1",43806128
"TP58534","CM008041.1",31041056
"TP58554","CM008041.1",133776309
"TP58583","CM008041.1",10973948
"TP58606","CM008041.1",104158125
"TP58607","CM008041.1",53646231
"TP58646","CM008041.1",122639029
"TP58701","CM008041.1",161693651
"TP58702","CM008041.1",53920336
"TP58796","CM008041.1",89055335
"TP58838","CM008041.1",84507344
"TP58856","CM008041.1",104165622
"TP58888","CM008041.1",48341607
"TP59071","CM008041.1",24402433
"TP59266","CM008041.1",30218279
"TP59320","CM008041.1",96050647
"TP59408","CM008041.1",88014892
"TP59726","CM008041.1",156309504
"TP59791","CM008041.1",13386224
"TP598","CM008041.1",3455019
"TP59917","CM008041.1",4317868
"TP59987","CM008041.1",162323283
"TP60233","CM008041.1",122320629
"TP60528","CM008041.1",39975194
"TP60671","CM008041.1",170960537
"TP60678","CM008041.1",175833770
"TP60713","CM008041.1",47204757
"TP60743","CM008041.1",47868444
"TP60846","CM008041.1",80267326
"TP60910","CM008041.1",133431149
"TP60937","CM008041.1",172399997
"TP60959","CM008041.1",26354342
"TP61024","CM008041.1",164375730
"TP61140","CM008041.1",73320109
"TP61241","CM008041.1",157289630
"TP61432","CM008041.1",100259089
"TP61578","CM008041.1",102031027
"TP6160","CM008041.1",119040810
"TP61653","CM008041.1",40949224
"TP61669","CM008041.1",110637677
"TP61814","CM008041.1",141822014
"TP6184","CM008041.1",178621986
"TP619","CM008041.1",27713598
"TP6191","CM008041.1",176092048
"TP62000","CM008041.1",5519348
"TP62017","CM008041.1",49762728
"TP62053","CM008041.1",158566551
"TP62325","CM008041.1",120896024
"TP62462","CM008041.1",103329419
"TP62478","CM008041.1",148356609
"TP62560","CM008041.1",180073506
"TP62579","CM008041.1",24371181
"TP62624","CM008041.1",118938533
"TP62726","CM008041.1",4380602
"TP62769","CM008041.1",91356500
"TP62870","CM008041.1",5476073
"TP6289","CM008041.1",120895743
"TP62987","CM008041.1",76593788
"TP63167","CM008041.1",18588924
"TP63184","CM008041.1",66528531
"TP63202","CM008041.1",32185474
"TP63217","CM008041.1",176228692
"TP63220","CM008041.1",66847526
"TP63260","CM008041.1",170347121
"TP63311","CM008041.1",138124816
"TP63318","CM008041.1",42272674
"TP63768","CM008041.1",175565409
"TP63972","CM008041.1",103698977
"TP64145","CM008041.1",151441099
"TP6425","CM008041.1",90305856
"TP64350","CM008041.1",91468894
"TP64359","CM008041.1",104165559
"TP6436","CM008041.1",163707697
"TP64530","CM008041.1",127888474
"TP64540","CM008041.1",132092615
"TP64607","CM008041.1",28224513
"TP64615","CM008041.1",130665493
"TP64653","CM008041.1",132783953
"TP64853","CM008041.1",63680567
"TP64949","CM008041.1",159594480
"TP65120","CM008041.1",48289022
"TP6515","CM008041.1",4199722
"TP65249","CM008041.1",1832041
"TP65250","CM008041.1",121943524
"TP65306","CM008041.1",124550419
"TP65356","CM008041.1",172036459
"TP65465","CM008041.1",179801747
"TP65616","CM008041.1",174685215
"TP65648","CM008041.1",168660590
"TP65806","CM008041.1",82676314
"TP65833","CM008041.1",112303883
"TP6588","CM008041.1",34282424
"TP65897","CM008041.1",179870794
"TP6606","CM008041.1",81534240
"TP66256","CM008041.1",164375380
"TP66326","CM008041.1",72808689
"TP66379","CM008041.1",54490390
"TP66607","CM008041.1",131508101
"TP6668","CM008041.1",43820915
"TP66781","CM008041.1",166226493
"TP66885","CM008041.1",124653823
"TP669","CM008041.1",134162956
"TP66999","CM008041.1",12276581
"TP67189","CM008041.1",167934687
"TP67240","CM008041.1",125972886
"TP673","CM008041.1",135315624
"TP67546","CM008041.1",140662491
"TP67566","CM008041.1",55849350
"TP67585","CM008041.1",178621974
"TP67677","CM008041.1",5735393
"TP67788","CM008041.1",143180706
"TP67828","CM008041.1",173453614
"TP67830","CM008041.1",96892827
"TP6811","CM008041.1",44481069
"TP68137","CM008041.1",112208747
"TP682","CM008041.1",68225333
"TP6823","CM008041.1",1645759
"TP68338","CM008041.1",140805069
"TP6842","CM008041.1",47602807
"TP68583","CM008041.1",17861261
"TP68686","CM008041.1",37982679
"TP68773","CM008041.1",55384487
"TP68946","CM008041.1",176022036
"TP68971","CM008041.1",149785889
"TP68972","CM008041.1",55047444
"TP68975","CM008041.1",124192711
"TP69109","CM008041.1",50866277
"TP69151","CM008041.1",119609266
"TP69320","CM008041.1",43835902
"TP69334","CM008041.1",15957957
"TP69563","CM008041.1",108470063
"TP69629","CM008041.1",173622571
"TP69710","CM008041.1",27237614
"TP6982","CM008041.1",178431428
"TP6990","CM008041.1",136362619
"TP69980","CM008041.1",48726264
"TP70231","CM008041.1",73525317
"TP70335","CM008041.1",51343925
"TP70340","CM008041.1",93307184
"TP70413","CM008041.1",167163472
"TP7095","CM008041.1",159949942
"TP71068","CM008041.1",170144939
"TP71108","CM008041.1",38099553
"TP71114","CM008041.1",169008148
"TP7117","CM008041.1",29725477
"TP71237","CM008041.1",69681061
"TP71599","CM008041.1",174764462
"TP71826","CM008041.1",178453225
"TP71961","CM008041.1",148568205
"TP72025","CM008041.1",28570604
"TP72075","CM008041.1",158566488
"TP72082","CM008041.1",114146947
"TP72090","CM008041.1",177654851
"TP72132","CM008041.1",180445863
"TP72195","CM008041.1",102374804
"TP72367","CM008041.1",70787016
"TP72449","CM008041.1",124550224
"TP72538","CM008041.1",124653760
"TP72606","CM008041.1",26261947
"TP7267","CM008041.1",168401569
"TP72800","CM008041.1",46493654
"TP72847","CM008041.1",169572304
"TP72859","CM008041.1",180354050
"TP7300","CM008041.1",103115412
"TP73020","CM008041.1",179987326
"TP73083","CM008041.1",40234063
"TP7309","CM008041.1",176301671
"TP7317","CM008041.1",175837149
"TP7324","CM008041.1",156309411
"TP73410","CM008041.1",60034825
"TP73429","CM008041.1",40495412
"TP73559","CM008041.1",136983686
"TP7376","CM008041.1",103115475
"TP73842","CM008041.1",115148242
"TP74016","CM008041.1",140803105
"TP74019","CM008041.1",104158125
"TP7407","CM008041.1",31429094
"TP74089","CM008041.1",111299355
"TP74102","CM008041.1",94465568
"TP7440","CM008041.1",35762514
"TP74724","CM008041.1",48110879
"TP74941","CM008041.1",175435249
"TP750","CM008041.1",131664318
"TP7520","CM008041.1",41367588
"TP75204","CM008041.1",29725414
"TP75399","CM008041.1",135145155
"TP75440","CM008041.1",86792064
"TP75625","CM008041.1",113971810
"TP75816","CM008041.1",42857151
"TP75824","CM008041.1",156366738
"TP76246","CM008041.1",124192683
"TP76257","CM008041.1",110117545
"TP76269","CM008041.1",151416704
"TP76289","CM008041.1",4326342
"TP76382","CM008041.1",138550885
"TP76852","CM008041.1",99829888
"TP76893","CM008041.1",143795306
"TP76903","CM008041.1",48741566
"TP77035","CM008041.1",126552200
"TP771","CM008041.1",65205846
"TP7718","CM008041.1",141940019
"TP77346","CM008041.1",178616073
"TP77426","CM008041.1",135355334
"TP77463","CM008041.1",144521369
"TP7753","CM008041.1",139875387
"TP77641","CM008041.1",86116339
"TP77645","CM008041.1",135454415
"TP77665","CM008041.1",69300930
"TP77733","CM008041.1",159822368
"TP77754","CM008041.1",26320670
"TP77895","CM008041.1",114424897
"TP77900","CM008041.1",9319606
"TP77938","CM008041.1",170068488
"TP77997","CM008041.1",55243352
"TP78097","CM008041.1",54247189
"TP78159","CM008041.1",133203393
"TP78189","CM008041.1",113931208
"TP7823","CM008041.1",56901286
"TP78327","CM008041.1",134469333
"TP78344","CM008041.1",38359145
"TP78368","CM008041.1",5813388
"TP78452","CM008041.1",89491202
"TP78657","CM008041.1",156496958
"TP7882","CM008041.1",163707717
"TP78919","CM008041.1",15775391
"TP7895","CM008041.1",76859206
"TP78985","CM008041.1",5519399
"TP79595","CM008041.1",6814282
"TP79606","CM008041.1",131508164
"TP79643","CM008041.1",131740151
"TP79715","CM008041.1",53646294
"TP79861","CM008041.1",9585164
"TP79891","CM008041.1",35173832
"TP79921","CM008041.1",44026207
"TP79957","CM008041.1",5321606
"TP79970","CM008041.1",118632549
"TP8002","CM008041.1",160184611
"TP80069","CM008041.1",23039174
"TP8010","CM008041.1",89944112
"TP80381","CM008041.1",104025934
"TP80446","CM008041.1",138162358
"TP80502","CM008041.1",45033736
"TP80574","CM008041.1",24098361
"TP8060","CM008041.1",131077910
"TP80626","CM008041.1",167723133
"TP80897","CM008041.1",108470000
"TP80924","CM008041.1",107564107
"TP81037","CM008041.1",109855084
"TP81060","CM008041.1",121095304
"TP81185","CM008041.1",26320758
"TP81302","CM008041.1",129102829
"TP81369","CM008041.1",165604177
"TP81397","CM008041.1",27655065
"TP81413","CM008041.1",173605306
"TP8143","CM008041.1",6626241
"TP81434","CM008041.1",165378140
"TP81852","CM008041.1",123928430
"TP82539","CM008041.1",63482353
"TP82756","CM008041.1",157082670
"TP82888","CM008041.1",176239198
"TP83216","CM008041.1",142622042
"TP8347","CM008041.1",20804766
"TP83519","CM008041.1",111245842
"TP83589","CM008041.1",159640252
"TP84011","CM008041.1",24729482
"TP84186","CM008041.1",177354251
"TP84438","CM008041.1",166517833
"TP84522","CM008041.1",159820226
"TP84676","CM008041.1",167243911
"TP84784","CM008041.1",160619572
"TP84980","CM008041.1",33162657
"TP85000","CM008041.1",130592598
"TP85341","CM008041.1",40534927
"TP85369","CM008041.1",26320607
"TP85528","CM008041.1",129220402
"TP85597","CM008041.1",22823903
"TP85632","CM008041.1",49010435
"TP85949","CM008041.1",45424439
"TP86044","CM008041.1",178676407
"TP86453","CM008041.1",45033603
"TP8648","CM008041.1",151734875
"TP867","CM008041.1",54681565
"TP86759","CM008041.1",125239939
"TP87108","CM008041.1",144037954
"TP8734","CM008041.1",4380612
"TP87354","CM008041.1",81534177
"TP8751","CM008041.1",60385762
"TP87570","CM008041.1",110531846
"TP87680","CM008041.1",82676276
"TP87752","CM008041.1",171424014
"TP87790","CM008041.1",124653891
"TP87915","CM008041.1",48574020
"TP87918","CM008041.1",41550967
"TP88112","CM008041.1",160273606
"TP88206","CM008041.1",111011382
"TP88239","CM008041.1",72970256
"TP88270","CM008041.1",95125602
"TP88390","CM008041.1",4941605
"TP88402","CM008041.1",41504421
"TP8852","CM008041.1",114094358
"TP88534","CM008041.1",160309982
"TP88664","CM008041.1",67240521
"TP88732","CM008041.1",159610891
"TP88814","CM008041.1",31512712
"TP89192","CM008041.1",6490247
"TP89317","CM008041.1",111513193
"TP8946","CM008041.1",49523527
"TP89462","CM008041.1",169878071
"TP89851","CM008041.1",62527622
"TP90144","CM008041.1",128860668
"TP9059","CM008041.1",9244629
"TP9099","CM008041.1",161060365
"TP91277","CM008041.1",26600484
"TP91301","CM008041.1",66847550
"TP91323","CM008041.1",133255972
"TP91338","CM008041.1",40853273
"TP91352","CM008041.1",75363498
"TP91497","CM008041.1",152508932
"TP9181","CM008041.1",109356464
"TP91870","CM008041.1",175629370
"TP92006","CM008041.1",43806111
"TP92362","CM008041.1",128860605
"TP92425","CM008041.1",106953674
"TP92467","CM008041.1",133517321
"TP92502","CM008041.1",159640196
"TP92667","CM008041.1",118451657
"TP927","CM008041.1",5812207
"TP9277","CM008041.1",111339867
"TP93097","CM008041.1",24679671
"TP93107","CM008041.1",79035809
"TP93290","CM008041.1",47119829
"TP934","CM008041.1",19433027
"TP93444","CM008041.1",5324076
"TP93584","CM008041.1",104025957
"TP9361","CM008041.1",63251502
"TP93763","CM008041.1",127622311
"TP94127","CM008041.1",92460420
"TP9414","CM008041.1",76960091
"TP94363","CM008041.1",111177376
"TP94386","CM008041.1",24821160
"TP94420","CM008041.1",42379523
"TP945","CM008041.1",77851277
"TP94689","CM008041.1",38620428
"TP94694","CM008041.1",47119892
"TP94820","CM008041.1",76061332
"TP94834","CM008041.1",84435757
"TP94985","CM008041.1",137330543
"TP95097","CM008041.1",101267129
"TP95210","CM008041.1",104235348
"TP95466","CM008041.1",179090214
"TP95614","CM008041.1",24925966
"TP95678","CM008041.1",16869180
"TP96254","CM008041.1",4160282
"TP96616","CM008041.1",16607453
"TP96626","CM008041.1",168686372
"TP96660","CM008041.1",169631901
"TP96793","CM008041.1",39407817
"TP96836","CM008041.1",166226372
"TP96842","CM008041.1",175520115
"TP96996","CM008041.1",24679608
"TP97437","CM008041.1",169416969
"TP97492","CM008041.1",38226025
"TP97676","CM008041.1",27800516
"TP98257","CM008041.1",12551557
"TP98301","CM008041.1",150479540
"TP98518","CM008041.1",175629316
"TP988","CM008041.1",176665202
"TP98973","CM008041.1",3695886
"TP99172","CM008041.1",122280753
"TP99546","CM008041.1",130725484
"TP99551","CM008041.1",50186275
"TP99581","CM008041.1",169417032
"TP99582","CM008041.1",42232986
"TP99683","CM008041.1",105231918
"TP99734","CM008041.1",114877377
"TP99753","CM008041.1",40163279
"TP99872","CM008041.1",43835965
"TP99979","CM008041.1",179870848
"TP103559","CM008042.1",2612841
"TP105954","CM008042.1",3208495
"TP108232","CM008042.1",1942404
"TP115235","CM008042.1",280049
"TP119270","CM008042.1",279986
"TP1327","CM008042.1",4002570
"TP139491","CM008042.1",1120509
"TP17192","CM008042.1",2016951
"TP21680","CM008042.1",3445543
"TP28440","CM008042.1",250656
"TP40408","CM008042.1",2293357
"TP41965","CM008042.1",917984
"TP44619","CM008042.1",3208493
"TP44990","CM008042.1",1942371
"TP52209","CM008042.1",1120572
"TP53060","CM008042.1",3208373
"TP58395","CM008042.1",12541
"TP59248","CM008042.1",1338129
"TP62228","CM008042.1",1453006
"TP6250","CM008042.1",594212
"TP78450","CM008042.1",2293294
"TP80088","CM008042.1",1374325
"TP81669","CM008042.1",3710098
