Marker.name,UNEAK
DeerD01.000110,TP191
DeerD01.000122,TP212
DeerD01.000151,TP271
DeerD01.000174,TP332
DeerD01.000263,TP481
DeerD01.000328,TP598
DeerD01.000339,TP619
DeerD01.000369,TP669
DeerD01.000373,TP673
DeerD01.000381,TP682
DeerD01.000422,TP750
DeerD01.000431,TP771
DeerD01.000484,TP867
DeerD01.000519,TP927
DeerD01.000524,TP934
DeerD01.000529,TP945
DeerD01.000553,TP988
DeerD01.000685,TP1252
DeerD01.000724,TP1327
DeerD01.000743,TP1364
DeerD01.000767,TP1405
DeerD01.000780,TP1436
DeerD01.000839,TP1531
DeerD01.000909,TP1670
DeerD01.000952,TP1762
DeerD01.000982,TP1808
DeerD01.000992,TP1824
DeerD01.001068,TP1970
DeerD01.001139,TP2105
DeerD01.001202,TP2206
DeerD01.001279,TP2343
DeerD01.001293,TP2370
DeerD01.001314,TP2412
DeerD01.001342,TP2466
DeerD01.001348,TP2481
DeerD01.001386,TP2561
DeerD01.001425,TP2626
DeerD01.001430,TP2634
DeerD01.001516,TP2774
DeerD01.001552,TP2842
DeerD01.001569,TP2870
DeerD01.001600,TP2924
DeerD01.001629,TP2984
DeerD01.001676,TP3071
DeerD01.001806,TP3329
DeerD01.001875,TP3455
DeerD01.001880,TP3471
DeerD01.001916,TP3537
DeerD01.002105,TP3876
DeerD01.002134,TP3926
DeerD01.002155,TP3965
DeerD01.002161,TP3983
DeerD01.002188,TP4023
DeerD01.002246,TP4130
DeerD01.002270,TP4181
DeerD01.002301,TP4240
DeerD01.002335,TP4300
DeerD01.002379,TP4394
DeerD01.002391,TP4416
DeerD01.002406,TP4449
DeerD01.002446,TP4524
DeerD01.002748,TP5129
DeerD01.002767,TP5173
DeerD01.002848,TP5319
DeerD01.002852,TP5326
DeerD01.002958,TP5533
DeerD01.003029,TP5664
DeerD01.003086,TP5755
DeerD01.003088,TP5757
DeerD01.003101,TP5774
DeerD01.003145,TP5848
DeerD01.003304,TP6160
DeerD01.003319,TP6184
DeerD01.003324,TP6191
DeerD01.003364,TP6250
DeerD01.003384,TP6289
DeerD01.003454,TP6425
DeerD01.003459,TP6436
DeerD01.003496,TP6515
DeerD01.003527,TP6588
DeerD01.003538,TP6606
DeerD01.003566,TP6668
DeerD01.003645,TP6811
DeerD01.003653,TP6823
DeerD01.003662,TP6842
DeerD01.003748,TP6982
DeerD01.003753,TP6990
DeerD01.003812,TP7095
DeerD01.003821,TP7117
DeerD01.003896,TP7267
DeerD01.003911,TP7300
DeerD01.003918,TP7309
DeerD01.003921,TP7317
DeerD01.003927,TP7324
DeerD01.003952,TP7376
DeerD01.003969,TP7407
DeerD01.003984,TP7440
DeerD01.004022,TP7520
DeerD01.004135,TP7718
DeerD01.004150,TP7753
DeerD01.004195,TP7823
DeerD01.004226,TP7882
DeerD01.004232,TP7895
DeerD01.004292,TP8002
DeerD01.004294,TP8010
DeerD01.004320,TP8060
DeerD01.004369,TP8143
DeerD01.004481,TP8347
DeerD01.004643,TP8648
DeerD01.004695,TP8734
DeerD01.004706,TP8751
DeerD01.004770,TP8852
DeerD01.004823,TP8946
DeerD01.004881,TP9059
DeerD01.004901,TP9099
DeerD01.004944,TP9181
DeerD01.004989,TP9277
DeerD01.005029,TP9361
DeerD01.005052,TP9414
DeerD01.005480,TP10170
DeerD01.005503,TP10210
DeerD01.005648,TP10476
DeerD01.005649,TP10478
DeerD01.005696,TP10565
DeerD01.005697,TP10566
DeerD01.005813,TP10804
DeerD01.005888,TP10940
DeerD01.005911,TP10978
DeerD01.005920,TP10996
DeerD01.005928,TP11006
DeerD01.005996,TP11128
DeerD01.006167,TP11435
DeerD01.006201,TP11498
DeerD01.006238,TP11566
DeerD01.006326,TP11722
DeerD01.006381,TP11823
DeerD01.006404,TP11873
DeerD01.006419,TP11898
DeerD01.006444,TP11934
DeerD01.006490,TP12023
DeerD01.006494,TP12029
DeerD01.006552,TP12130
DeerD01.006585,TP12187
DeerD01.006765,TP12523
DeerD01.006978,TP12938
DeerD01.007065,TP13089
DeerD01.007075,TP13111
DeerD01.007373,TP13667
DeerD01.007633,TP14161
DeerD01.007650,TP14196
DeerD01.007766,TP14409
DeerD01.007776,TP14431
DeerD01.007906,TP14674
DeerD01.007967,TP14795
DeerD01.007996,TP14841
DeerD01.008035,TP14922
DeerD01.008145,TP15133
DeerD01.008237,TP15300
DeerD01.008343,TP15507
DeerD01.008346,TP15512
DeerD01.008398,TP15604
DeerD01.008407,TP15614
DeerD01.008413,TP15633
DeerD01.008481,TP15747
DeerD01.008569,TP15891
DeerD01.008720,TP16154
DeerD01.008736,TP16181
DeerD01.008749,TP16210
DeerD01.008766,TP16241
DeerD01.008797,TP16296
DeerD01.008975,TP16641
DeerD01.009035,TP16754
DeerD01.009118,TP16908
DeerD01.009219,TP17073
DeerD01.009260,TP17142
DeerD01.009291,TP17192
DeerD01.009318,TP17266
DeerD01.009441,TP17487
DeerD01.009473,TP17541
DeerD01.009538,TP17661
DeerD01.009568,TP17712
DeerD01.009599,TP17777
DeerD01.009628,TP17832
DeerD01.009700,TP17964
DeerD01.010099,TP18726
DeerD01.010202,TP18904
DeerD01.010233,TP18966
DeerD01.010250,TP18996
DeerD01.010336,TP19152
DeerD01.010430,TP19317
DeerD01.010561,TP19547
DeerD01.010669,TP19765
DeerD01.010938,TP20270
DeerD01.010993,TP20377
DeerD01.011163,TP20718
DeerD01.011240,TP20861
DeerD01.011263,TP20894
DeerD01.011346,TP21095
DeerD01.011387,TP21187
DeerD01.011418,TP21244
DeerD01.011492,TP21403
DeerD01.011540,TP21497
DeerD01.011626,TP21671
DeerD01.011632,TP21680
DeerD01.011680,TP21779
DeerD01.011752,TP21923
DeerD01.011892,TP22178
DeerD01.011920,TP22235
DeerD01.012150,TP22696
DeerD01.012180,TP22749
DeerD01.012199,TP22781
DeerD01.012297,TP22960
DeerD01.012319,TP22994
DeerD01.012400,TP23162
DeerD01.012406,TP23175
DeerD01.012489,TP23333
DeerD01.012491,TP23335
DeerD01.012605,TP23565
DeerD01.012644,TP23634
DeerD01.012761,TP23863
DeerD01.012769,TP23880
DeerD01.012821,TP23979
DeerD01.012828,TP23992
DeerD01.012892,TP24099
DeerD01.012907,TP24123
DeerD01.012957,TP24216
DeerD01.013015,TP24344
DeerD01.013178,TP24654
DeerD01.013384,TP25061
DeerD01.013387,TP25065
DeerD01.013406,TP25098
DeerD01.013585,TP25442
DeerD01.013622,TP25523
DeerD01.014129,TP26463
DeerD01.014225,TP26650
DeerD01.014303,TP26800
DeerD01.014540,TP27270
DeerD01.014555,TP27299
DeerD01.014710,TP27573
DeerD01.014750,TP27641
DeerD01.014844,TP27839
DeerD01.014899,TP27982
DeerD01.014957,TP28104
DeerD01.015011,TP28229
DeerD01.015118,TP28440
DeerD01.015153,TP28518
DeerD01.015260,TP28737
DeerD01.015326,TP28865
DeerD01.015341,TP28890
DeerD01.015370,TP28944
DeerD01.015375,TP28958
DeerD01.015648,TP29493
DeerD01.015670,TP29540
DeerD01.015715,TP29621
DeerD01.015801,TP29780
DeerD01.015873,TP29909
DeerD01.015880,TP29921
DeerD01.015894,TP29947
DeerD01.016002,TP30170
DeerD01.016095,TP30327
DeerD01.016108,TP30354
DeerD01.016213,TP30567
DeerD01.016309,TP30743
DeerD01.016349,TP30814
DeerD01.016421,TP30959
DeerD01.016612,TP31328
DeerD01.016652,TP31399
DeerD01.016702,TP31491
DeerD01.016706,TP31498
DeerD01.016863,TP31790
DeerD01.016870,TP31801
DeerD01.016947,TP31958
DeerD01.016961,TP31983
DeerD01.017048,TP32146
DeerD01.017101,TP32270
DeerD01.017142,TP32344
DeerD01.017219,TP32496
DeerD01.017303,TP32650
DeerD01.017370,TP32792
DeerD01.017423,TP32884
DeerD01.017469,TP32977
DeerD01.017485,TP33018
DeerD01.017496,TP33035
DeerD01.017527,TP33097
DeerD01.017565,TP33156
DeerD01.017613,TP33241
DeerD01.017641,TP33299
DeerD01.017745,TP33477
DeerD01.017809,TP33597
DeerD01.017825,TP33628
DeerD01.017914,TP33775
DeerD01.017951,TP33841
DeerD01.017956,TP33852
DeerD01.018025,TP33989
DeerD01.018136,TP34178
DeerD01.018253,TP34403
DeerD01.018288,TP34460
DeerD01.018473,TP34836
DeerD01.018548,TP35006
DeerD01.018565,TP35034
DeerD01.018571,TP35051
DeerD01.018660,TP35221
DeerD01.018726,TP35331
DeerD01.018830,TP35487
DeerD01.018865,TP35540
DeerD01.019037,TP35891
DeerD01.019088,TP35993
DeerD01.019143,TP36091
DeerD01.019155,TP36111
DeerD01.019188,TP36170
DeerD01.019225,TP36233
DeerD01.019234,TP36249
DeerD01.019258,TP36295
DeerD01.019262,TP36305
DeerD01.019289,TP36369
DeerD01.019304,TP36393
DeerD01.019326,TP36439
DeerD01.019422,TP36620
DeerD01.019440,TP36651
DeerD01.019477,TP36723
DeerD01.019480,TP36730
DeerD01.019503,TP36778
DeerD01.019606,TP36992
DeerD01.019810,TP37433
DeerD01.019944,TP37736
DeerD01.019958,TP37764
DeerD01.019969,TP37785
DeerD01.020000,TP37839
DeerD01.020004,TP37844
DeerD01.020273,TP38432
DeerD01.020509,TP38913
DeerD01.020532,TP38957
DeerD01.020551,TP38990
DeerD01.020592,TP39090
DeerD01.020617,TP39141
DeerD01.020682,TP39281
DeerD01.020882,TP39649
DeerD01.020966,TP39810
DeerD01.020973,TP39821
DeerD01.021061,TP39995
DeerD01.021091,TP40052
DeerD01.021188,TP40230
DeerD01.021235,TP40320
DeerD01.021264,TP40375
DeerD01.021265,TP40385
DeerD01.021279,TP40408
DeerD01.021315,TP40468
DeerD01.021328,TP40494
DeerD01.021355,TP40542
DeerD01.021385,TP40593
DeerD01.021495,TP40800
DeerD01.021586,TP41007
DeerD01.021612,TP41048
DeerD01.021642,TP41114
DeerD01.021716,TP41242
DeerD01.021783,TP41355
DeerD01.021823,TP41411
DeerD01.021922,TP41605
DeerD01.021977,TP41713
DeerD01.022003,TP41755
DeerD01.022037,TP41817
DeerD01.022046,TP41834
DeerD01.022053,TP41853
DeerD01.022078,TP41903
DeerD01.022081,TP41910
DeerD01.022090,TP41926
DeerD01.022111,TP41965
DeerD01.022118,TP41975
DeerD01.022166,TP42062
DeerD01.022212,TP42142
DeerD01.022271,TP42258
DeerD01.022288,TP42286
DeerD01.022337,TP42379
DeerD01.022358,TP42424
DeerD01.022413,TP42520
DeerD01.022417,TP42525
DeerD01.022678,TP43046
DeerD01.022709,TP43103
DeerD01.022713,TP43114
DeerD01.022719,TP43127
DeerD01.022724,TP43139
DeerD01.022755,TP43198
DeerD01.022917,TP43504
DeerD01.022963,TP43586
DeerD01.022990,TP43639
DeerD01.023015,TP43683
DeerD01.023070,TP43802
DeerD01.023111,TP43875
DeerD01.023197,TP44046
DeerD01.023217,TP44085
DeerD01.023258,TP44155
DeerD01.023277,TP44188
DeerD01.023322,TP44267
DeerD01.023419,TP44463
DeerD01.023492,TP44619
DeerD01.023548,TP44719
DeerD01.023549,TP44722
DeerD01.023574,TP44759
DeerD01.023618,TP44844
DeerD01.023645,TP44899
DeerD01.023699,TP44990
DeerD01.023764,TP45110
DeerD01.023898,TP45347
DeerD01.023919,TP45389
DeerD01.024044,TP45618
DeerD01.024092,TP45703
DeerD01.024105,TP45733
DeerD01.024206,TP45939
DeerD01.024243,TP46022
DeerD01.024331,TP46162
DeerD01.024357,TP46204
DeerD01.024364,TP46218
DeerD01.024393,TP46276
DeerD01.024453,TP46389
DeerD01.024465,TP46420
DeerD01.024474,TP46436
DeerD01.024479,TP46443
DeerD01.024671,TP46820
DeerD01.024698,TP46873
DeerD01.024739,TP46983
DeerD01.024844,TP47187
DeerD01.024915,TP47319
DeerD01.024923,TP47334
DeerD01.024990,TP47455
DeerD01.025036,TP47522
DeerD01.025043,TP47531
DeerD01.025078,TP47588
DeerD01.025258,TP47928
DeerD01.025278,TP47957
DeerD01.025725,TP48789
DeerD01.025732,TP48801
DeerD01.025779,TP48898
DeerD01.025956,TP49254
DeerD01.026037,TP49404
DeerD01.026043,TP49415
DeerD01.026044,TP49418
DeerD01.026079,TP49490
DeerD01.026205,TP49710
DeerD01.026227,TP49743
DeerD01.026259,TP49814
DeerD01.026280,TP49862
DeerD01.026284,TP49867
DeerD01.026416,TP50117
DeerD01.026478,TP50246
DeerD01.026661,TP50568
DeerD01.026766,TP50784
DeerD01.026777,TP50805
DeerD01.027093,TP51419
DeerD01.027127,TP51481
DeerD01.027159,TP51548
DeerD01.027254,TP51735
DeerD01.027289,TP51803
DeerD01.027299,TP51819
DeerD01.027351,TP51913
DeerD01.027384,TP51972
DeerD01.027396,TP51990
DeerD01.027423,TP52032
DeerD01.027489,TP52165
DeerD01.027510,TP52209
DeerD01.027523,TP52235
DeerD01.027577,TP52346
DeerD01.027578,TP52348
DeerD01.027585,TP52362
DeerD01.027754,TP52667
DeerD01.027764,TP52679
DeerD01.027787,TP52718
DeerD01.027930,TP52970
DeerD01.027979,TP53060
DeerD01.027980,TP53061
DeerD01.028078,TP53258
DeerD01.028171,TP53426
DeerD01.028226,TP53515
DeerD01.028276,TP53610
DeerD01.028337,TP53716
DeerD01.028417,TP53864
DeerD01.028619,TP54265
DeerD01.028778,TP54540
DeerD01.028782,TP54546
DeerD01.028888,TP54740
DeerD01.028935,TP54828
DeerD01.029002,TP54960
DeerD01.029075,TP55090
DeerD01.029078,TP55094
DeerD01.029086,TP55108
DeerD01.029153,TP55252
DeerD01.029168,TP55277
DeerD01.029184,TP55317
DeerD01.029195,TP55336
DeerD01.029253,TP55454
DeerD01.029382,TP55726
DeerD01.029587,TP56131
DeerD01.029741,TP56499
DeerD01.029790,TP56613
DeerD01.029795,TP56626
DeerD01.029831,TP56690
DeerD01.029858,TP56737
DeerD01.029903,TP56818
DeerD01.029932,TP56884
DeerD01.029978,TP56979
DeerD01.030440,TP57903
DeerD01.030523,TP58080
DeerD01.030532,TP58100
DeerD01.030614,TP58255
DeerD01.030682,TP58378
DeerD01.030690,TP58395
DeerD01.030725,TP58453
DeerD01.030738,TP58475
DeerD01.030769,TP58534
DeerD01.030782,TP58554
DeerD01.030801,TP58583
DeerD01.030814,TP58606
DeerD01.030815,TP58607
DeerD01.030834,TP58646
DeerD01.030860,TP58701
DeerD01.030861,TP58702
DeerD01.030913,TP58796
DeerD01.030938,TP58838
DeerD01.030946,TP58856
DeerD01.030964,TP58888
DeerD01.031058,TP59071
DeerD01.031156,TP59248
DeerD01.031164,TP59266
DeerD01.031185,TP59320
DeerD01.031225,TP59408
DeerD01.031396,TP59726
DeerD01.031432,TP59791
DeerD01.031502,TP59917
DeerD01.031538,TP59987
DeerD01.031673,TP60233
DeerD01.031827,TP60528
DeerD01.031904,TP60671
DeerD01.031908,TP60678
DeerD01.031926,TP60713
DeerD01.031940,TP60743
DeerD01.031993,TP60846
DeerD01.032023,TP60910
DeerD01.032036,TP60937
DeerD01.032049,TP60959
DeerD01.032090,TP61024
DeerD01.032147,TP61140
DeerD01.032200,TP61241
DeerD01.032307,TP61432
DeerD01.032381,TP61578
DeerD01.032413,TP61653
DeerD01.032422,TP61669
DeerD01.032500,TP61814
DeerD01.032608,TP62000
DeerD01.032618,TP62017
DeerD01.032638,TP62053
DeerD01.032719,TP62228
DeerD01.032769,TP62325
DeerD01.032847,TP62462
DeerD01.032861,TP62478
DeerD01.032908,TP62560
DeerD01.032917,TP62579
DeerD01.032956,TP62624
DeerD01.033010,TP62726
DeerD01.033031,TP62769
DeerD01.033082,TP62870
DeerD01.033131,TP62987
DeerD01.033209,TP63167
DeerD01.033218,TP63184
DeerD01.033226,TP63202
DeerD01.033230,TP63217
DeerD01.033232,TP63220
DeerD01.033247,TP63260
DeerD01.033278,TP63311
DeerD01.033283,TP63318
DeerD01.033499,TP63768
DeerD01.033607,TP63972
DeerD01.033704,TP64145
DeerD01.033810,TP64350
DeerD01.033817,TP64359
DeerD01.033905,TP64530
DeerD01.033909,TP64540
DeerD01.033941,TP64607
DeerD01.033945,TP64615
DeerD01.033970,TP64653
DeerD01.034067,TP64853
DeerD01.034126,TP64949
DeerD01.034212,TP65120
DeerD01.034270,TP65249
DeerD01.034271,TP65250
DeerD01.034294,TP65306
DeerD01.034321,TP65356
DeerD01.034383,TP65465
DeerD01.034446,TP65616
DeerD01.034461,TP65648
DeerD01.034539,TP65806
DeerD01.034553,TP65833
DeerD01.034586,TP65897
DeerD01.034776,TP66256
DeerD01.034814,TP66326
DeerD01.034845,TP66379
DeerD01.034955,TP66607
DeerD01.035041,TP66781
DeerD01.035096,TP66885
DeerD01.035158,TP66999
DeerD01.035258,TP67189
DeerD01.035288,TP67240
DeerD01.035439,TP67546
DeerD01.035450,TP67566
DeerD01.035464,TP67585
DeerD01.035514,TP67677
DeerD01.035573,TP67788
DeerD01.035590,TP67828
DeerD01.035592,TP67830
DeerD01.035756,TP68137
DeerD01.035862,TP68338
DeerD01.035993,TP68583
DeerD01.036055,TP68686
DeerD01.036103,TP68773
DeerD01.036189,TP68946
DeerD01.036204,TP68971
DeerD01.036205,TP68972
DeerD01.036208,TP68975
DeerD01.036282,TP69109
DeerD01.036307,TP69151
DeerD01.036398,TP69320
DeerD01.036407,TP69334
DeerD01.036522,TP69563
DeerD01.036561,TP69629
DeerD01.036608,TP69710
DeerD01.036748,TP69980
DeerD01.036882,TP70231
DeerD01.036934,TP70335
DeerD01.036937,TP70340
DeerD01.036988,TP70413
DeerD01.037343,TP71068
DeerD01.037362,TP71108
DeerD01.037365,TP71114
DeerD01.037430,TP71237
DeerD01.037637,TP71599
DeerD01.037754,TP71826
DeerD01.037809,TP71961
DeerD01.037846,TP72025
DeerD01.037872,TP72075
DeerD01.037876,TP72082
DeerD01.037881,TP72090
DeerD01.037902,TP72132
DeerD01.037941,TP72195
DeerD01.038033,TP72367
DeerD01.038071,TP72449
DeerD01.038114,TP72538
DeerD01.038149,TP72606
DeerD01.038245,TP72800
DeerD01.038261,TP72847
DeerD01.038267,TP72859
DeerD01.038340,TP73020
DeerD01.038373,TP73083
DeerD01.038533,TP73410
DeerD01.038545,TP73429
DeerD01.038622,TP73559
DeerD01.038773,TP73842
DeerD01.038855,TP74016
DeerD01.038858,TP74019
DeerD01.038894,TP74089
DeerD01.038903,TP74102
DeerD01.039205,TP74724
DeerD01.039330,TP74941
DeerD01.039474,TP75204
DeerD01.039582,TP75399
DeerD01.039603,TP75440
DeerD01.039692,TP75625
DeerD01.039790,TP75816
DeerD01.039795,TP75824
DeerD01.040021,TP76246
DeerD01.040028,TP76257
DeerD01.040032,TP76269
DeerD01.040045,TP76289
DeerD01.040098,TP76382
DeerD01.040336,TP76852
DeerD01.040363,TP76893
DeerD01.040369,TP76903
DeerD01.040442,TP77035
DeerD01.040594,TP77346
DeerD01.040639,TP77426
DeerD01.040659,TP77463
DeerD01.040741,TP77641
DeerD01.040743,TP77645
DeerD01.040754,TP77665
DeerD01.040789,TP77733
DeerD01.040801,TP77754
DeerD01.040874,TP77895
DeerD01.040877,TP77900
DeerD01.040898,TP77938
DeerD01.040935,TP77997
DeerD01.040995,TP78097
DeerD01.041029,TP78159
DeerD01.041048,TP78189
DeerD01.041114,TP78327
DeerD01.041123,TP78344
DeerD01.041140,TP78368
DeerD01.041191,TP78450
DeerD01.041192,TP78452
DeerD01.041295,TP78657
DeerD01.041426,TP78919
DeerD01.041457,TP78985
DeerD01.041779,TP79595
DeerD01.041787,TP79606
DeerD01.041807,TP79643
DeerD01.041842,TP79715
DeerD01.041916,TP79861
DeerD01.041933,TP79891
DeerD01.041946,TP79921
DeerD01.041962,TP79957
DeerD01.041970,TP79970
DeerD01.042025,TP80069
DeerD01.042035,TP80088
DeerD01.042193,TP80381
DeerD01.042225,TP80446
DeerD01.042256,TP80502
DeerD01.042293,TP80574
DeerD01.042318,TP80626
DeerD01.042456,TP80897
DeerD01.042470,TP80924
DeerD01.042535,TP81037
DeerD01.042550,TP81060
DeerD01.042619,TP81185
DeerD01.042682,TP81302
DeerD01.042716,TP81369
DeerD01.042726,TP81397
DeerD01.042735,TP81413
DeerD01.042746,TP81434
DeerD01.042859,TP81669
DeerD01.042945,TP81852
DeerD01.043302,TP82539
DeerD01.043400,TP82756
DeerD01.043477,TP82888
DeerD01.043631,TP83216
DeerD01.043789,TP83519
DeerD01.043825,TP83589
DeerD01.044027,TP84011
DeerD01.044101,TP84186
DeerD01.044225,TP84438
DeerD01.044265,TP84522
DeerD01.044339,TP84676
DeerD01.044385,TP84784
DeerD01.044490,TP84980
DeerD01.044501,TP85000
DeerD01.044675,TP85341
DeerD01.044684,TP85369
DeerD01.044763,TP85528
DeerD01.044803,TP85597
DeerD01.044819,TP85632
DeerD01.044973,TP85949
DeerD01.045027,TP86044
DeerD01.045241,TP86453
DeerD01.045373,TP86759
DeerD01.045543,TP87108
DeerD01.045662,TP87354
DeerD01.045774,TP87570
DeerD01.045834,TP87680
DeerD01.045865,TP87752
DeerD01.045885,TP87790
DeerD01.045957,TP87915
DeerD01.045958,TP87918
DeerD01.046062,TP88112
DeerD01.046111,TP88206
DeerD01.046125,TP88239
DeerD01.046137,TP88270
DeerD01.046209,TP88390
DeerD01.046216,TP88402
DeerD01.046282,TP88534
DeerD01.046353,TP88664
DeerD01.046394,TP88732
DeerD01.046444,TP88814
DeerD01.046647,TP89192
DeerD01.046713,TP89317
DeerD01.046796,TP89462
DeerD01.047011,TP89851
DeerD01.047169,TP90144
DeerD01.047624,TP91277
DeerD01.047637,TP91301
DeerD01.047652,TP91323
DeerD01.047662,TP91338
DeerD01.047673,TP91352
DeerD01.047745,TP91497
DeerD01.047964,TP91870
DeerD01.048029,TP92006
DeerD01.048226,TP92362
DeerD01.048257,TP92425
DeerD01.048280,TP92467
DeerD01.048296,TP92502
DeerD01.048386,TP92667
DeerD01.048632,TP93097
DeerD01.048639,TP93107
DeerD01.048732,TP93290
DeerD01.048810,TP93444
DeerD01.048883,TP93584
DeerD01.048979,TP93763
DeerD01.049169,TP94127
DeerD01.049287,TP94363
DeerD01.049300,TP94386
DeerD01.049313,TP94420
DeerD01.049437,TP94689
DeerD01.049440,TP94694
DeerD01.049497,TP94820
DeerD01.049504,TP94834
DeerD01.049583,TP94985
DeerD01.049645,TP95097
DeerD01.049700,TP95210
DeerD01.049847,TP95466
DeerD01.049924,TP95614
DeerD01.049954,TP95678
DeerD01.050252,TP96254
DeerD01.050453,TP96616
DeerD01.050460,TP96626
DeerD01.050475,TP96660
DeerD01.050543,TP96793
DeerD01.050572,TP96836
DeerD01.050577,TP96842
DeerD01.050650,TP96996
DeerD01.050885,TP97437
DeerD01.050916,TP97492
DeerD01.051031,TP97676
DeerD01.051353,TP98257
DeerD01.051374,TP98301
DeerD01.051492,TP98518
DeerD01.051729,TP98973
DeerD01.051847,TP99172
DeerD01.052045,TP99546
DeerD01.052049,TP99551
DeerD01.052067,TP99581
DeerD01.052068,TP99582
DeerD01.052123,TP99683
DeerD01.052152,TP99734
DeerD01.052162,TP99753
DeerD01.052224,TP99872
DeerD01.052280,TP99979
DeerD01.052289,TP100000
DeerD01.052331,TP100083
DeerD01.052368,TP100155
DeerD01.052418,TP100238
DeerD01.052434,TP100284
DeerD01.052442,TP100301
DeerD01.052451,TP100321
DeerD01.052454,TP100327
DeerD01.052461,TP100337
DeerD01.052560,TP100533
DeerD01.052618,TP100649
DeerD01.052733,TP100868
DeerD01.052771,TP100946
DeerD01.052919,TP101211
DeerD01.052939,TP101248
DeerD01.052958,TP101288
DeerD01.053105,TP101563
DeerD01.053232,TP101804
DeerD01.053253,TP101861
DeerD01.053310,TP101969
DeerD01.053592,TP102522
DeerD01.053595,TP102527
DeerD01.053623,TP102575
DeerD01.053645,TP102615
DeerD01.053651,TP102630
DeerD01.053677,TP102689
DeerD01.053687,TP102705
DeerD01.053711,TP102763
DeerD01.053775,TP102884
DeerD01.053838,TP102992
DeerD01.053841,TP103002
DeerD01.053872,TP103060
DeerD01.053986,TP103265
DeerD01.054114,TP103507
DeerD01.054125,TP103534
DeerD01.054126,TP103539
DeerD01.054136,TP103559
DeerD01.054144,TP103579
DeerD01.054201,TP103696
DeerD01.054295,TP103899
DeerD01.054306,TP103919
DeerD01.054334,TP103972
DeerD01.054337,TP103982
DeerD01.054413,TP104133
DeerD01.054416,TP104138
DeerD01.054429,TP104167
DeerD01.054455,TP104226
DeerD01.054508,TP104328
DeerD01.054516,TP104344
DeerD01.054579,TP104480
DeerD01.054588,TP104501
DeerD01.054691,TP104701
DeerD01.054749,TP104810
DeerD01.054782,TP104885
DeerD01.054855,TP105028
DeerD01.054922,TP105164
DeerD01.054931,TP105184
DeerD01.054969,TP105256
DeerD01.055068,TP105435
DeerD01.055125,TP105541
DeerD01.055310,TP105913
DeerD01.055312,TP105916
DeerD01.055325,TP105943
DeerD01.055330,TP105954
DeerD01.055502,TP106314
DeerD01.055503,TP106315
DeerD01.055522,TP106351
DeerD01.055526,TP106362
DeerD01.055532,TP106372
DeerD01.055579,TP106460
DeerD01.055642,TP106582
DeerD01.055694,TP106678
DeerD01.055775,TP106828
DeerD01.055857,TP106975
DeerD01.055858,TP106976
DeerD01.055873,TP107003
DeerD01.055874,TP107004
DeerD01.055899,TP107072
DeerD01.055903,TP107079
DeerD01.056085,TP107420
DeerD01.056096,TP107446
DeerD01.056100,TP107451
DeerD01.056128,TP107496
DeerD01.056150,TP107536
DeerD01.056388,TP107971
DeerD01.056436,TP108068
DeerD01.056522,TP108232
DeerD01.056707,TP108554
DeerD01.056713,TP108564
DeerD01.056811,TP108761
DeerD01.056858,TP108836
DeerD01.056867,TP108865
DeerD01.056947,TP109049
DeerD01.056998,TP109134
DeerD01.057037,TP109203
DeerD01.057116,TP109348
DeerD01.057124,TP109363
DeerD01.057169,TP109460
DeerD01.057186,TP109486
DeerD01.057217,TP109546
DeerD01.057244,TP109587
DeerD01.057257,TP109614
DeerD01.057269,TP109628
DeerD01.057435,TP109941
DeerD01.057515,TP110109
DeerD01.057533,TP110141
DeerD01.057560,TP110187
DeerD01.057610,TP110274
DeerD01.057617,TP110296
DeerD01.057620,TP110302
DeerD01.057665,TP110390
DeerD01.057693,TP110427
DeerD01.057925,TP110846
DeerD01.057941,TP110876
DeerD01.057945,TP110881
DeerD01.058001,TP110990
DeerD01.058048,TP111071
DeerD01.058054,TP111081
DeerD01.058086,TP111139
DeerD01.058098,TP111155
DeerD01.058142,TP111248
DeerD01.058200,TP111346
DeerD01.058223,TP111391
DeerD01.058293,TP111517
DeerD01.058304,TP111540
DeerD01.058426,TP111764
DeerD01.058515,TP111925
DeerD01.058521,TP111941
DeerD01.058540,TP111974
DeerD01.058546,TP111982
DeerD01.058583,TP112053
DeerD01.058630,TP112152
DeerD01.058633,TP112156
DeerD01.058685,TP112261
DeerD01.058694,TP112284
DeerD01.058713,TP112320
DeerD01.058833,TP112548
DeerD01.058841,TP112564
DeerD01.058897,TP112668
DeerD01.058913,TP112697
DeerD01.059019,TP112860
DeerD01.059160,TP113112
DeerD01.059275,TP113336
DeerD01.059283,TP113353
DeerD01.059312,TP113414
DeerD01.059416,TP113589
DeerD01.059422,TP113599
DeerD01.059476,TP113690
DeerD01.059536,TP113790
DeerD01.059621,TP113950
DeerD01.059684,TP114056
DeerD01.059692,TP114073
DeerD01.059719,TP114129
DeerD01.059735,TP114160
DeerD01.059887,TP114413
DeerD01.059928,TP114487
DeerD01.060001,TP114611
DeerD01.060010,TP114627
DeerD01.060025,TP114650
DeerD01.060066,TP114723
DeerD01.060101,TP114784
DeerD01.060112,TP114807
DeerD01.060133,TP114845
DeerD01.060145,TP114862
DeerD01.060175,TP114899
DeerD01.060193,TP114927
DeerD01.060253,TP115027
DeerD01.060288,TP115095
DeerD01.060293,TP115105
DeerD01.060333,TP115174
DeerD01.060364,TP115235
DeerD01.060369,TP115243
DeerD01.060378,TP115261
DeerD01.060387,TP115272
DeerD01.060500,TP115526
DeerD01.060530,TP115579
DeerD01.060610,TP115703
DeerD01.060632,TP115741
DeerD01.060641,TP115755
DeerD01.060666,TP115795
DeerD01.060816,TP116059
DeerD01.060819,TP116062
DeerD01.060877,TP116152
DeerD01.060912,TP116225
DeerD01.060933,TP116260
DeerD01.060943,TP116279
DeerD01.061007,TP116383
DeerD01.061037,TP116430
DeerD01.061129,TP116584
DeerD01.061134,TP116592
DeerD01.061150,TP116626
DeerD01.061215,TP116732
DeerD01.061224,TP116744
DeerD01.061260,TP116803
DeerD01.061264,TP116809
DeerD01.061276,TP116828
DeerD01.061333,TP116928
DeerD01.061494,TP117196
DeerD01.061603,TP117382
DeerD01.061650,TP117457
DeerD01.061674,TP117494
DeerD01.061691,TP117515
DeerD01.061716,TP117557
DeerD01.061729,TP117574
DeerD01.061762,TP117629
DeerD01.061777,TP117653
DeerD01.061821,TP117741
DeerD01.061894,TP117858
DeerD01.061895,TP117859
DeerD01.061921,TP117901
DeerD01.061997,TP118021
DeerD01.062031,TP118079
DeerD01.062162,TP118324
DeerD01.062259,TP118513
DeerD01.062290,TP118580
DeerD01.062306,TP118610
DeerD01.062314,TP118623
DeerD01.062320,TP118633
DeerD01.062384,TP118753
DeerD01.062488,TP118945
DeerD01.062501,TP118967
DeerD01.062506,TP118975
DeerD01.062514,TP118988
DeerD01.062593,TP119107
DeerD01.062611,TP119145
DeerD01.062612,TP119146
DeerD01.062661,TP119227
DeerD01.062684,TP119270
DeerD01.062688,TP119277
DeerD01.062754,TP119410
DeerD01.062919,TP119720
DeerD01.063021,TP119885
DeerD01.063077,TP120030
DeerD01.063081,TP120041
DeerD01.063099,TP120074
DeerD01.063240,TP120320
DeerD01.063277,TP120392
DeerD01.063302,TP120433
DeerD01.063307,TP120444
DeerD01.063322,TP120470
DeerD01.063392,TP120583
DeerD01.063407,TP120609
DeerD01.063483,TP120745
DeerD01.063529,TP120839
DeerD01.063589,TP120957
DeerD01.063638,TP121045
DeerD01.063642,TP121054
DeerD01.063646,TP121060
DeerD01.063648,TP121064
DeerD01.063668,TP121099
DeerD01.063675,TP121120
DeerD01.063727,TP121205
DeerD01.064003,TP121738
DeerD01.064049,TP121810
DeerD01.064142,TP121970
DeerD01.064149,TP121981
DeerD01.064165,TP122012
DeerD01.064194,TP122067
DeerD01.064212,TP122102
DeerD01.064229,TP122141
DeerD01.064328,TP122310
DeerD01.064404,TP122451
DeerD01.064416,TP122476
DeerD01.064450,TP122538
DeerD01.064517,TP122663
DeerD01.064540,TP122706
DeerD01.064555,TP122731
DeerD01.064652,TP122927
DeerD01.064671,TP122960
DeerD01.064681,TP122979
DeerD01.064684,TP122996
DeerD01.064761,TP123139
DeerD01.064768,TP123155
DeerD01.064879,TP123338
DeerD01.064954,TP123493
DeerD01.065003,TP123600
DeerD01.065160,TP123887
DeerD01.065191,TP123942
DeerD01.065274,TP124124
DeerD01.065349,TP124269
DeerD01.065460,TP124510
DeerD01.065510,TP124589
DeerD01.065530,TP124624
DeerD01.065585,TP124733
DeerD01.065614,TP124792
DeerD01.065620,TP124803
DeerD01.065630,TP124831
DeerD01.065731,TP125024
DeerD01.065734,TP125029
DeerD01.065780,TP125108
DeerD01.065880,TP125306
DeerD01.065985,TP125497
DeerD01.065987,TP125505
DeerD01.065991,TP125512
DeerD01.066023,TP125576
DeerD01.066150,TP125800
DeerD01.066276,TP126044
DeerD01.066281,TP126052
DeerD01.066387,TP126275
DeerD01.066512,TP126536
DeerD01.066591,TP126718
DeerD01.066593,TP126725
DeerD01.066603,TP126743
DeerD01.066621,TP126770
DeerD01.066827,TP127169
DeerD01.066881,TP127272
DeerD01.066923,TP127363
DeerD01.066988,TP127492
DeerD01.067062,TP127656
DeerD01.067079,TP127687
DeerD01.067221,TP127945
DeerD01.067236,TP127971
DeerD01.067306,TP128139
DeerD01.067520,TP128618
DeerD01.067574,TP128738
DeerD01.067737,TP129059
DeerD01.067809,TP129224
DeerD01.067810,TP129225
DeerD01.067997,TP129588
DeerD01.068114,TP129796
DeerD01.068172,TP129915
DeerD01.068194,TP129957
DeerD01.068298,TP130149
DeerD01.068315,TP130183
DeerD01.068379,TP130297
DeerD01.068440,TP130412
DeerD01.068442,TP130421
DeerD01.068546,TP130649
DeerD01.068609,TP130763
DeerD01.068649,TP130842
DeerD01.068655,TP130853
DeerD01.068762,TP131084
DeerD01.068776,TP131108
DeerD01.068841,TP131270
DeerD01.068897,TP131374
DeerD01.068917,TP131418
DeerD01.068964,TP131573
DeerD01.068968,TP131579
DeerD01.069044,TP131707
DeerD01.069109,TP131841
DeerD01.069134,TP131881
DeerD01.069175,TP131954
DeerD01.069215,TP132024
DeerD01.069381,TP132340
DeerD01.069385,TP132345
DeerD01.069459,TP132489
DeerD01.069522,TP132609
DeerD01.069548,TP132651
DeerD01.069572,TP132699
DeerD01.069574,TP132705
DeerD01.069641,TP132821
DeerD01.069671,TP132879
DeerD01.069702,TP132954
DeerD01.069764,TP133067
DeerD01.069800,TP133130
DeerD01.069805,TP133137
DeerD01.069880,TP133278
DeerD01.069936,TP133389
DeerD01.069999,TP133504
DeerD01.070057,TP133631
DeerD01.070082,TP133676
DeerD01.070083,TP133677
DeerD01.070124,TP133750
DeerD01.070153,TP133803
DeerD01.070159,TP133813
DeerD01.070183,TP133866
DeerD01.070264,TP134039
DeerD01.070271,TP134056
DeerD01.070284,TP134078
DeerD01.070336,TP134180
DeerD01.070350,TP134214
DeerD01.070405,TP134328
DeerD01.070426,TP134373
DeerD01.070430,TP134380
DeerD01.070452,TP134420
DeerD01.070504,TP134503
DeerD01.070561,TP134639
DeerD01.070565,TP134644
DeerD01.070566,TP134645
DeerD01.070572,TP134655
DeerD01.070595,TP134698
DeerD01.070658,TP134832
DeerD01.070668,TP134847
DeerD01.070711,TP134939
DeerD01.070715,TP134949
DeerD01.070723,TP134962
DeerD01.070864,TP135257
DeerD01.070908,TP135320
DeerD01.071053,TP135590
DeerD01.071093,TP135659
DeerD01.071107,TP135683
DeerD01.071155,TP135765
DeerD01.071161,TP135782
DeerD01.071171,TP135796
DeerD01.071217,TP135889
DeerD01.071220,TP135895
DeerD01.071228,TP135914
DeerD01.071238,TP135929
DeerD01.071264,TP135979
DeerD01.071268,TP135985
DeerD01.071308,TP136052
DeerD01.071332,TP136097
DeerD01.071333,TP136101
DeerD01.071410,TP136234
DeerD01.071532,TP136455
DeerD01.071553,TP136497
DeerD01.071598,TP136572
DeerD01.071600,TP136575
DeerD01.071632,TP136631
DeerD01.071723,TP136805
DeerD01.071725,TP136808
DeerD01.071782,TP136911
DeerD01.071850,TP137034
DeerD01.071958,TP137241
DeerD01.071995,TP137307
DeerD01.072002,TP137318
DeerD01.072007,TP137328
DeerD01.072044,TP137397
DeerD01.072158,TP137592
DeerD01.072390,TP138010
DeerD01.072456,TP138150
DeerD01.072469,TP138176
DeerD01.072573,TP138350
DeerD01.072616,TP138450
DeerD01.072635,TP138483
DeerD01.072727,TP138665
DeerD01.072746,TP138699
DeerD01.072824,TP138836
DeerD01.072839,TP138864
DeerD01.072843,TP138869
DeerD01.072858,TP138890
DeerD01.072929,TP139026
DeerD01.072940,TP139046
DeerD01.073095,TP139342
DeerD01.073162,TP139481
DeerD01.073166,TP139491
DeerD01.073217,TP139582
DeerD01.073234,TP139619
DeerD01.073272,TP139688
DeerD01.073343,TP139828
DeerD01.073394,TP139934
DeerD01.073431,TP140006
DeerD01.073475,TP140104
DeerD01.073512,TP140177
DeerD01.073517,TP140188
DeerD01.073555,TP140253
DeerD01.073623,TP140379
DeerD01.073664,TP140461
DeerD01.073682,TP140487
DeerD01.073730,TP140572
DeerD01.073781,TP140667
DeerD01.073793,TP140685
DeerD01.073814,TP140723
DeerD01.073828,TP140749
DeerD01.073890,TP140866
DeerD01.073958,TP140999
DeerD01.073980,TP141045
DeerD01.073996,TP141073
DeerD01.074029,TP141134
DeerD01.074030,TP141136
DeerD01.074048,TP141165
DeerD01.074064,TP141195
DeerD01.074097,TP141252
DeerD01.074098,TP141253
DeerD01.074099,TP141257
DeerD01.074142,TP141346
DeerD01.074231,TP141522
DeerD01.074238,TP141533
DeerD01.074271,TP141591
DeerD01.074303,TP141649
DeerD01.074304,TP141651
DeerD01.074348,TP141738
DeerD01.074358,TP141763
DeerD01.074383,TP141814
DeerD01.074454,TP141928
DeerD01.074593,TP142233
DeerD01.074606,TP142257
DeerD01.074691,TP142417
DeerD01.074777,TP142587
